ioc_type,ioc_value,date,category,actor,actor_attribute,malware,malware_type,reference,description,author,confidence
ip,177.4.12.11,2026-10-08,unknown,unknown,unknown,XMRig,coinminer,https://www.huntress.com/blog/ahsaycbs-flaws-exploit,AI generated. IP address listed in the IOC table of the AhsayCBS exploitation report without a stated role.,AI agent,medium
ip,38.60.252.110,2026-10-08,unknown,unknown,unknown,XMRig,coinminer,https://www.huntress.com/blog/ahsaycbs-flaws-exploit,AI generated. IP address listed in the IOC table of the AhsayCBS exploitation report without a stated role.,AI agent,medium
ip,107.191.47.199,2026-10-08,unknown,unknown,unknown,XMRig,coinminer,https://www.huntress.com/blog/ahsaycbs-flaws-exploit,AI generated. IP address listed in the IOC table of the AhsayCBS exploitation report without a stated role.,AI agent,medium
ip,185.220.236.49,2026-10-08,unknown,unknown,unknown,XMRig,coinminer,https://www.huntress.com/blog/ahsaycbs-flaws-exploit,AI generated. IP address listed in the IOC table of the AhsayCBS exploitation report without a stated role.,AI agent,medium
ip,104.234.26.10,2026-10-08,unknown,unknown,unknown,XMRig,coinminer,https://www.huntress.com/blog/ahsaycbs-flaws-exploit,AI generated. IP address listed in the IOC table of the AhsayCBS exploitation report without a stated role.,AI agent,medium
ip,123.202.208.37,2026-10-08,unknown,unknown,unknown,XMRig,coinminer,https://www.huntress.com/blog/ahsaycbs-flaws-exploit,AI generated. IP address listed in the IOC table of the AhsayCBS exploitation report without a stated role.,AI agent,medium
ip,51.195.127.124,2026-10-08,c2,unknown,unknown,XMRig,coinminer,https://www.huntress.com/blog/ahsaycbs-flaws-exploit,AI generated. Monero mining pool endpoint contacted on port 8029 by the deployed XMRig miner.,AI agent,medium
domain,xmr.kryptex.network,2026-10-08,c2,unknown,unknown,XMRig,coinminer,https://www.huntress.com/blog/ahsaycbs-flaws-exploit,AI generated. Mining pool hostname configured in the XMRig miner deployed after exploitation.,AI agent,medium
domain,imagefiles-backup.oss-ap-southeast-7.aliyuncs.com,2026-10-08,payload-hosting,unknown,unknown,XMRig,coinminer,https://www.huntress.com/blog/ahsaycbs-flaws-exploit,AI generated. Alibaba Cloud OSS bucket hostname used to host the miner payloads.,AI agent,medium
url,http://imagefiles-backup.oss-ap-southeast-7.aliyuncs.com/javas/Office/win/Taskgmr.ps1,2026-10-08,payload-hosting,unknown,unknown,XMRig,coinminer,https://www.huntress.com/blog/ahsaycbs-flaws-exploit,AI generated. Payload download URL serving the PowerShell script that suspends mining when Task Manager is opened.,AI agent,medium
url,http://imagefiles-backup.oss-ap-southeast-7.aliyuncs.com/javas/Office/win/edge.exe,2026-10-08,payload-hosting,unknown,unknown,XMRig,coinminer,https://www.huntress.com/blog/ahsaycbs-flaws-exploit,AI generated. Payload download URL serving the XMRig miner binary.,AI agent,medium
url,http://imagefiles-backup.oss-ap-southeast-7.aliyuncs.com/javas/Office/win/msedge.exe,2026-10-08,payload-hosting,unknown,unknown,XMRig,coinminer,https://www.huntress.com/blog/ahsaycbs-flaws-exploit,AI generated. Payload download URL serving the Modified NSSM service wrapper used for persistence.,AI agent,medium
url,http://imagefiles-backup.oss-ap-southeast-7.aliyuncs.com/javas/Office/win/config.json,2026-10-08,payload-hosting,unknown,unknown,XMRig,coinminer,https://www.huntress.com/blog/ahsaycbs-flaws-exploit,AI generated. Payload download URL serving the Miner configuration file.,AI agent,medium
url,http://imagefiles-backup.oss-ap-southeast-7.aliyuncs.com/javas/Office/win/WinRing0x64.sys,2026-10-08,payload-hosting,unknown,unknown,XMRig,coinminer,https://www.huntress.com/blog/ahsaycbs-flaws-exploit,AI generated. Payload download URL serving the Vulnerable WinRing0 driver used by the miner.,AI agent,medium
file_hash_sha256,05f69ae6b2b89c1c4dcf836bff032232f11bf0109f2b498e2345045d06139034,2026-10-08,tool,unknown,unknown,XMRig,unknown,https://www.huntress.com/blog/ahsaycbs-flaws-exploit,"AI generated. SHA256 of Msedge.exe, a modified NSSM utility listed in the AhsayCBS exploitation report.",AI agent,medium
file_hash_sha256,4dcb0202fe8b2d4d7b183764e38184cd6ed50132786cc7e7d1f7f4bce1dd6f3d,2026-10-08,tool,unknown,unknown,XMRig,coinminer,https://www.huntress.com/blog/ahsaycbs-flaws-exploit,"AI generated. SHA256 of Edge.exe, the XMRig miner listed in the AhsayCBS exploitation report.",AI agent,medium
file_hash_sha256,481728a7c9c4c02be07051d9c1958d902ea6397ebb8952ab83944818e3d25d21,2026-10-08,malware,unknown,unknown,XMRig,unknown,https://www.huntress.com/blog/ahsaycbs-flaws-exploit,"AI generated. SHA256 of Taskgmr.ps1, the mining-control PowerShell script listed in the AhsayCBS exploitation report.",AI agent,medium
domain,c0cc.cc,2026-10-08,c2,Flax Typhoon,china,N/A,N/A,https://www.justice.gov/opa/pr/justice-department-and-fbi-seize-vulnerability-scanning-and-spear-phishing-tools-operated,AI generated. Seized domain used to access the Microscan vulnerability scanning tool.,AI agent,medium
domain,98aicai.com,2026-10-08,payload-hosting,Flax Typhoon,china,FishHub,unknown,https://www.justice.gov/opa/pr/justice-department-and-fbi-seize-vulnerability-scanning-and-spear-phishing-tools-operated,AI generated. Seized domain used by FishHub for malware delivery.,AI agent,medium
domain,98aicode.com,2026-10-08,payload-hosting,Flax Typhoon,china,FishHub,unknown,https://www.justice.gov/opa/pr/justice-department-and-fbi-seize-vulnerability-scanning-and-spear-phishing-tools-operated,AI generated. Seized domain used by FishHub for malware delivery.,AI agent,medium
domain,outlook3650.com,2026-10-08,payload-hosting,Flax Typhoon,china,FishHub,unknown,https://www.justice.gov/opa/pr/justice-department-and-fbi-seize-vulnerability-scanning-and-spear-phishing-tools-operated,AI generated. Seized domain used by FishHub for malware delivery.,AI agent,medium
domain,youtubecard.com,2026-10-08,payload-hosting,Flax Typhoon,china,FishHub,unknown,https://www.justice.gov/opa/pr/justice-department-and-fbi-seize-vulnerability-scanning-and-spear-phishing-tools-operated,AI generated. Seized domain used by FishHub for malware delivery.,AI agent,medium
domain,linkedinns.net,2026-10-08,payload-hosting,Flax Typhoon,china,FishHub,unknown,https://www.justice.gov/opa/pr/justice-department-and-fbi-seize-vulnerability-scanning-and-spear-phishing-tools-operated,AI generated. Seized domain used by FishHub for malware delivery.,AI agent,medium
domain,96cee.com,2020-06-29,c2,Flax Typhoon,china,unknown,unknown,https://www.ic3.gov/CSA/2026/261008.pdf,AI generated. Domain attributed to threat actor infrastructure in joint advisory AA26-281A.,AI agent,medium
domain,asean.twimg.co.uk,2024-09-21,c2,Flax Typhoon,china,unknown,unknown,https://www.ic3.gov/CSA/2026/261008.pdf,AI generated. Host attributed to the actors' SoftEther obfuscation network in joint advisory AA26-281A.,AI agent,medium
domain,bj-hk.hmbcloud.net,2021-03-29,c2,Flax Typhoon,china,unknown,unknown,https://www.ic3.gov/CSA/2026/261008.pdf,AI generated. Host attributed to the actors' SoftEther obfuscation network in joint advisory AA26-281A.,AI agent,medium
domain,bj-jp.hmbcloud.net,2021-04-10,c2,Flax Typhoon,china,unknown,unknown,https://www.ic3.gov/CSA/2026/261008.pdf,AI generated. Host attributed to the actors' SoftEther obfuscation network in joint advisory AA26-281A.,AI agent,medium
domain,blog.98aiblog.com,2024-07-12,c2,Flax Typhoon,china,unknown,unknown,https://www.ic3.gov/CSA/2026/261008.pdf,AI generated. Host attributed to the actors' SoftEther obfuscation network in joint advisory AA26-281A.,AI agent,medium
domain,bsnl.twimg.co.uk,2024-06-17,c2,Flax Typhoon,china,unknown,unknown,https://www.ic3.gov/CSA/2026/261008.pdf,AI generated. Host attributed to the actors' SoftEther obfuscation network in joint advisory AA26-281A.,AI agent,medium
domain,dns.studiocloud.xyz,2021-12-10,c2,Flax Typhoon,china,unknown,unknown,https://www.ic3.gov/CSA/2026/261008.pdf,AI generated. Domain attributed to threat actor infrastructure in joint advisory AA26-281A.,AI agent,medium
domain,eg.twimg.co.uk,2024-09-22,c2,Flax Typhoon,china,unknown,unknown,https://www.ic3.gov/CSA/2026/261008.pdf,AI generated. Host attributed to the actors' SoftEther obfuscation network in joint advisory AA26-281A.,AI agent,medium
domain,etechhosting.twimg.co.uk,2024-09-21,c2,Flax Typhoon,china,unknown,unknown,https://www.ic3.gov/CSA/2026/261008.pdf,AI generated. Host attributed to the actors' SoftEther obfuscation network in joint advisory AA26-281A.,AI agent,medium
domain,fcchk.twimg.co.uk,2024-09-21,c2,Flax Typhoon,china,unknown,unknown,https://www.ic3.gov/CSA/2026/261008.pdf,AI generated. Host attributed to the actors' SoftEther obfuscation network in joint advisory AA26-281A.,AI agent,medium
domain,gz-hk.hmbcloud.net,2020-12-28,c2,Flax Typhoon,china,unknown,unknown,https://www.ic3.gov/CSA/2026/261008.pdf,AI generated. Host attributed to the actors' SoftEther obfuscation network in joint advisory AA26-281A.,AI agent,medium
domain,iplc-hk.hmbcloud.com,2020-11-30,c2,Flax Typhoon,china,unknown,unknown,https://www.ic3.gov/CSA/2026/261008.pdf,AI generated. Host attributed to the actors' SoftEther obfuscation network in joint advisory AA26-281A.,AI agent,medium
domain,javacheck.ooguy.com,2023-12-22,c2,Flax Typhoon,china,unknown,unknown,https://www.ic3.gov/CSA/2026/261008.pdf,AI generated. Host attributed to the actors' SoftEther obfuscation network in joint advisory AA26-281A.,AI agent,medium
domain,javaupdate.giize.com,2023-12-22,c2,Flax Typhoon,china,unknown,unknown,https://www.ic3.gov/CSA/2026/261008.pdf,AI generated. Host attributed to the actors' SoftEther obfuscation network in joint advisory AA26-281A.,AI agent,medium
domain,ls.twimg.co.uk,2024-09-21,c2,Flax Typhoon,china,unknown,unknown,https://www.ic3.gov/CSA/2026/261008.pdf,AI generated. Host attributed to the actors' SoftEther obfuscation network in joint advisory AA26-281A.,AI agent,medium
domain,np.twimg.co.uk,2024-09-21,c2,Flax Typhoon,china,unknown,unknown,https://www.ic3.gov/CSA/2026/261008.pdf,AI generated. Host attributed to the actors' SoftEther obfuscation network in joint advisory AA26-281A.,AI agent,medium
domain,one.hmbiplc-01.com,2022-04-02,c2,Flax Typhoon,china,unknown,unknown,https://www.ic3.gov/CSA/2026/261008.pdf,AI generated. Host attributed to the actors' SoftEther obfuscation network in joint advisory AA26-281A.,AI agent,medium
domain,pw.sexytube0.com,2021-08-06,c2,Flax Typhoon,china,unknown,unknown,https://www.ic3.gov/CSA/2026/261008.pdf,AI generated. Host attributed to the actors' SoftEther obfuscation network in joint advisory AA26-281A.,AI agent,medium
domain,senate.twimg.co.uk,2024-09-21,c2,Flax Typhoon,china,unknown,unknown,https://www.ic3.gov/CSA/2026/261008.pdf,AI generated. Host attributed to the actors' SoftEther obfuscation network in joint advisory AA26-281A.,AI agent,medium
domain,sh-jp.hmbcloud.net,2021-04-10,c2,Flax Typhoon,china,unknown,unknown,https://www.ic3.gov/CSA/2026/261008.pdf,AI generated. Host attributed to the actors' SoftEther obfuscation network in joint advisory AA26-281A.,AI agent,medium
domain,studiocloud.xyz,2021-12-10,c2,Flax Typhoon,china,unknown,unknown,https://www.ic3.gov/CSA/2026/261008.pdf,AI generated. Domain attributed to threat actor infrastructure in joint advisory AA26-281A.,AI agent,medium
domain,szxcm-hkg01.iepl.node.cm,2020-12-07,c2,Flax Typhoon,china,unknown,unknown,https://www.ic3.gov/CSA/2026/261008.pdf,AI generated. Host attributed to the actors' SoftEther obfuscation network in joint advisory AA26-281A.,AI agent,medium
domain,tj.twimg.co.uk,2024-09-21,c2,Flax Typhoon,china,unknown,unknown,https://www.ic3.gov/CSA/2026/261008.pdf,AI generated. Host attributed to the actors' SoftEther obfuscation network in joint advisory AA26-281A.,AI agent,medium
domain,ximmd.sexytube0.com,2020-07-14,c2,Flax Typhoon,china,unknown,unknown,https://www.ic3.gov/CSA/2026/261008.pdf,AI generated. Host attributed to the actors' SoftEther obfuscation network in joint advisory AA26-281A.,AI agent,medium
domain,_msdcs.cktime.ooguy.com,2023-12-26,unknown,Flax Typhoon,china,unknown,unknown,https://www.ic3.gov/CSA/2026/261008.pdf,AI generated. Domain listed in Appendix A of joint advisory AA26-281A; first seen date used.,AI agent,medium
domain,067.cz,2018-12-06,unknown,Flax Typhoon,china,unknown,unknown,https://www.ic3.gov/CSA/2026/261008.pdf,AI generated. Domain listed in Appendix A of joint advisory AA26-281A; first seen date used.,AI agent,medium
domain,1421.client.96html.com,2019-01-18,unknown,Flax Typhoon,china,unknown,unknown,https://www.ic3.gov/CSA/2026/261008.pdf,AI generated. Domain listed in Appendix A of joint advisory AA26-281A; first seen date used.,AI agent,medium
domain,1421.cloud.96html.com,2019-01-18,unknown,Flax Typhoon,china,unknown,unknown,https://www.ic3.gov/CSA/2026/261008.pdf,AI generated. Domain listed in Appendix A of joint advisory AA26-281A; first seen date used.,AI agent,medium
domain,1421.support.96html.com,2019-01-18,unknown,Flax Typhoon,china,unknown,unknown,https://www.ic3.gov/CSA/2026/261008.pdf,AI generated. Domain listed in Appendix A of joint advisory AA26-281A; first seen date used.,AI agent,medium
domain,154-119-131-252-103-58-216-162-36.m.secshow.net,2023-06-26,unknown,Flax Typhoon,china,unknown,unknown,https://www.ic3.gov/CSA/2026/261008.pdf,AI generated. Domain listed in Appendix A of joint advisory AA26-281A; first seen date used.,AI agent,medium
domain,20656.hus1.ptps.tk,2019-12-05,unknown,Flax Typhoon,china,unknown,unknown,https://www.ic3.gov/CSA/2026/261008.pdf,AI generated. Domain listed in Appendix A of joint advisory AA26-281A; first seen date used.,AI agent,medium
domain,20656.hus3.ptps.tk,2019-12-05,unknown,Flax Typhoon,china,unknown,unknown,https://www.ic3.gov/CSA/2026/261008.pdf,AI generated. Domain listed in Appendix A of joint advisory AA26-281A; first seen date used.,AI agent,medium
domain,2-12-44-140-78-81-211-109-241.h.secshow.net,2023-06-26,unknown,Flax Typhoon,china,unknown,unknown,https://www.ic3.gov/CSA/2026/261008.pdf,AI generated. Domain listed in Appendix A of joint advisory AA26-281A; first seen date used.,AI agent,medium
domain,22852.careers.96html.com,2019-01-18,unknown,Flax Typhoon,china,unknown,unknown,https://www.ic3.gov/CSA/2026/261008.pdf,AI generated. Domain listed in Appendix A of joint advisory AA26-281A; first seen date used.,AI agent,medium
domain,22852.careers.trendmicro.96html.com,2019-01-18,unknown,Flax Typhoon,china,unknown,unknown,https://www.ic3.gov/CSA/2026/261008.pdf,AI generated. Domain listed in Appendix A of joint advisory AA26-281A; first seen date used.,AI agent,medium
domain,22852.trendmicro.96html.com,2019-01-18,unknown,Flax Typhoon,china,unknown,unknown,https://www.ic3.gov/CSA/2026/261008.pdf,AI generated. Domain listed in Appendix A of joint advisory AA26-281A; first seen date used.,AI agent,medium
domain,23175.careers.96html.com,2019-01-18,unknown,Flax Typhoon,china,unknown,unknown,https://www.ic3.gov/CSA/2026/261008.pdf,AI generated. Domain listed in Appendix A of joint advisory AA26-281A; first seen date used.,AI agent,medium
domain,23175.careers.trendmicro.96html.com,2019-01-18,unknown,Flax Typhoon,china,unknown,unknown,https://www.ic3.gov/CSA/2026/261008.pdf,AI generated. Domain listed in Appendix A of joint advisory AA26-281A; first seen date used.,AI agent,medium
domain,24280.hus1.ptps.tk,2019-12-05,unknown,Flax Typhoon,china,unknown,unknown,https://www.ic3.gov/CSA/2026/261008.pdf,AI generated. Domain listed in Appendix A of joint advisory AA26-281A; first seen date used.,AI agent,medium
domain,2637596418.softether.net,2023-09-22,unknown,Flax Typhoon,china,unknown,unknown,https://www.ic3.gov/CSA/2026/261008.pdf,AI generated. Domain listed in Appendix A of joint advisory AA26-281A; first seen date used.,AI agent,medium
domain,28394.careers.96html.com,2019-01-18,unknown,Flax Typhoon,china,unknown,unknown,https://www.ic3.gov/CSA/2026/261008.pdf,AI generated. Domain listed in Appendix A of joint advisory AA26-281A; first seen date used.,AI agent,medium
domain,28394.careers.trendmicro.96html.com,2019-01-18,unknown,Flax Typhoon,china,unknown,unknown,https://www.ic3.gov/CSA/2026/261008.pdf,AI generated. Domain listed in Appendix A of joint advisory AA26-281A; first seen date used.,AI agent,medium
domain,28394.trendmicro.96html.com,2019-01-18,unknown,Flax Typhoon,china,unknown,unknown,https://www.ic3.gov/CSA/2026/261008.pdf,AI generated. Domain listed in Appendix A of joint advisory AA26-281A; first seen date used.,AI agent,medium
domain,28733.careers.trendmicro.96html.com,2019-01-18,unknown,Flax Typhoon,china,unknown,unknown,https://www.ic3.gov/CSA/2026/261008.pdf,AI generated. Domain listed in Appendix A of joint advisory AA26-281A; first seen date used.,AI agent,medium
domain,28733.trendmicro.96html.com,2019-01-18,unknown,Flax Typhoon,china,unknown,unknown,https://www.ic3.gov/CSA/2026/261008.pdf,AI generated. Domain listed in Appendix A of joint advisory AA26-281A; first seen date used.,AI agent,medium
domain,30773.hus2.ptps.tk,2019-12-05,unknown,Flax Typhoon,china,unknown,unknown,https://www.ic3.gov/CSA/2026/261008.pdf,AI generated. Domain listed in Appendix A of joint advisory AA26-281A; first seen date used.,AI agent,medium
domain,30773.hus3.ptps.tk,2019-12-05,unknown,Flax Typhoon,china,unknown,unknown,https://www.ic3.gov/CSA/2026/261008.pdf,AI generated. Domain listed in Appendix A of joint advisory AA26-281A; first seen date used.,AI agent,medium
domain,35584.careers.96html.com,2019-01-18,unknown,Flax Typhoon,china,unknown,unknown,https://www.ic3.gov/CSA/2026/261008.pdf,AI generated. Domain listed in Appendix A of joint advisory AA26-281A; first seen date used.,AI agent,medium
domain,35584.careers.trendmicro.96html.com,2019-01-18,unknown,Flax Typhoon,china,unknown,unknown,https://www.ic3.gov/CSA/2026/261008.pdf,AI generated. Domain listed in Appendix A of joint advisory AA26-281A; first seen date used.,AI agent,medium
domain,35584.trendmicro.96html.com,2019-01-18,unknown,Flax Typhoon,china,unknown,unknown,https://www.ic3.gov/CSA/2026/261008.pdf,AI generated. Domain listed in Appendix A of joint advisory AA26-281A; first seen date used.,AI agent,medium
domain,39583.b.alitagotest.cf,2020-01-27,unknown,Flax Typhoon,china,unknown,unknown,https://www.ic3.gov/CSA/2026/261008.pdf,AI generated. Domain listed in Appendix A of joint advisory AA26-281A; first seen date used.,AI agent,medium
domain,3w.feeee.io,2024-02-08,unknown,Flax Typhoon,china,unknown,unknown,https://www.ic3.gov/CSA/2026/261008.pdf,AI generated. Domain listed in Appendix A of joint advisory AA26-281A; first seen date used.,AI agent,medium
domain,44673.careers.96html.com,2019-01-18,unknown,Flax Typhoon,china,unknown,unknown,https://www.ic3.gov/CSA/2026/261008.pdf,AI generated. Domain listed in Appendix A of joint advisory AA26-281A; first seen date used.,AI agent,medium
domain,44673.trendmicro.96html.com,2019-01-18,unknown,Flax Typhoon,china,unknown,unknown,https://www.ic3.gov/CSA/2026/261008.pdf,AI generated. Domain listed in Appendix A of joint advisory AA26-281A; first seen date used.,AI agent,medium
domain,47298.96html.com,2019-01-18,unknown,Flax Typhoon,china,unknown,unknown,https://www.ic3.gov/CSA/2026/261008.pdf,AI generated. Domain listed in Appendix A of joint advisory AA26-281A; first seen date used.,AI agent,medium
domain,47298.client.96html.com,2019-01-18,unknown,Flax Typhoon,china,unknown,unknown,https://www.ic3.gov/CSA/2026/261008.pdf,AI generated. Domain listed in Appendix A of joint advisory AA26-281A; first seen date used.,AI agent,medium
domain,47298.cloud.96html.com,2019-01-18,unknown,Flax Typhoon,china,unknown,unknown,https://www.ic3.gov/CSA/2026/261008.pdf,AI generated. Domain listed in Appendix A of joint advisory AA26-281A; first seen date used.,AI agent,medium
domain,47298.support.96html.com,2019-01-18,unknown,Flax Typhoon,china,unknown,unknown,https://www.ic3.gov/CSA/2026/261008.pdf,AI generated. Domain listed in Appendix A of joint advisory AA26-281A; first seen date used.,AI agent,medium
domain,50669.careers.trendmicro.96html.com,2019-01-18,unknown,Flax Typhoon,china,unknown,unknown,https://www.ic3.gov/CSA/2026/261008.pdf,AI generated. Domain listed in Appendix A of joint advisory AA26-281A; first seen date used.,AI agent,medium
domain,51640.careers.trendmicro.96html.com,2019-01-18,unknown,Flax Typhoon,china,unknown,unknown,https://www.ic3.gov/CSA/2026/261008.pdf,AI generated. Domain listed in Appendix A of joint advisory AA26-281A; first seen date used.,AI agent,medium
domain,51943.hus1.ptps.tk,2019-12-05,unknown,Flax Typhoon,china,unknown,unknown,https://www.ic3.gov/CSA/2026/261008.pdf,AI generated. Domain listed in Appendix A of joint advisory AA26-281A; first seen date used.,AI agent,medium
domain,51943.hus3.ptps.tk,2019-12-05,unknown,Flax Typhoon,china,unknown,unknown,https://www.ic3.gov/CSA/2026/261008.pdf,AI generated. Domain listed in Appendix A of joint advisory AA26-281A; first seen date used.,AI agent,medium
domain,54-2-32-236-208-2-40-107-38.h.secshow.net,2023-06-26,unknown,Flax Typhoon,china,unknown,unknown,https://www.ic3.gov/CSA/2026/261008.pdf,AI generated. Domain listed in Appendix A of joint advisory AA26-281A; first seen date used.,AI agent,medium
domain,60928.hus1.ptps.tk,2019-12-05,unknown,Flax Typhoon,china,unknown,unknown,https://www.ic3.gov/CSA/2026/261008.pdf,AI generated. Domain listed in Appendix A of joint advisory AA26-281A; first seen date used.,AI agent,medium
domain,66-37-178-96-110-2-40-107-38.h.secshow.net,2023-06-26,unknown,Flax Typhoon,china,unknown,unknown,https://www.ic3.gov/CSA/2026/261008.pdf,AI generated. Domain listed in Appendix A of joint advisory AA26-281A; first seen date used.,AI agent,medium
domain,74788.careers.96html.com,2019-01-18,unknown,Flax Typhoon,china,unknown,unknown,https://www.ic3.gov/CSA/2026/261008.pdf,AI generated. Domain listed in Appendix A of joint advisory AA26-281A; first seen date used.,AI agent,medium
domain,74788.trendmicro.96html.com,2019-01-18,unknown,Flax Typhoon,china,unknown,unknown,https://www.ic3.gov/CSA/2026/261008.pdf,AI generated. Domain listed in Appendix A of joint advisory AA26-281A; first seen date used.,AI agent,medium
domain,77692.careers.96html.com,2019-01-18,unknown,Flax Typhoon,china,unknown,unknown,https://www.ic3.gov/CSA/2026/261008.pdf,AI generated. Domain listed in Appendix A of joint advisory AA26-281A; first seen date used.,AI agent,medium
domain,77692.careers.trendmicro.96html.com,2019-01-18,unknown,Flax Typhoon,china,unknown,unknown,https://www.ic3.gov/CSA/2026/261008.pdf,AI generated. Domain listed in Appendix A of joint advisory AA26-281A; first seen date used.,AI agent,medium
domain,77692.trendmicro.96html.com,2019-01-18,unknown,Flax Typhoon,china,unknown,unknown,https://www.ic3.gov/CSA/2026/261008.pdf,AI generated. Domain listed in Appendix A of joint advisory AA26-281A; first seen date used.,AI agent,medium
domain,82262.careers.96html.com,2019-01-18,unknown,Flax Typhoon,china,unknown,unknown,https://www.ic3.gov/CSA/2026/261008.pdf,AI generated. Domain listed in Appendix A of joint advisory AA26-281A; first seen date used.,AI agent,medium
domain,82262.careers.trendmicro.96html.com,2019-01-18,unknown,Flax Typhoon,china,unknown,unknown,https://www.ic3.gov/CSA/2026/261008.pdf,AI generated. Domain listed in Appendix A of joint advisory AA26-281A; first seen date used.,AI agent,medium
domain,85005.careers.96html.com,2019-01-18,unknown,Flax Typhoon,china,unknown,unknown,https://www.ic3.gov/CSA/2026/261008.pdf,AI generated. Domain listed in Appendix A of joint advisory AA26-281A; first seen date used.,AI agent,medium
domain,85005.careers.trendmicro.96html.com,2019-01-18,unknown,Flax Typhoon,china,unknown,unknown,https://www.ic3.gov/CSA/2026/261008.pdf,AI generated. Domain listed in Appendix A of joint advisory AA26-281A; first seen date used.,AI agent,medium
domain,85005.trendmicro.96html.com,2019-01-18,unknown,Flax Typhoon,china,unknown,unknown,https://www.ic3.gov/CSA/2026/261008.pdf,AI generated. Domain listed in Appendix A of joint advisory AA26-281A; first seen date used.,AI agent,medium
domain,88783.hus1.ptps.tk,2019-12-05,unknown,Flax Typhoon,china,unknown,unknown,https://www.ic3.gov/CSA/2026/261008.pdf,AI generated. Domain listed in Appendix A of joint advisory AA26-281A; first seen date used.,AI agent,medium
domain,90174.careers.96html.com,2019-01-18,unknown,Flax Typhoon,china,unknown,unknown,https://www.ic3.gov/CSA/2026/261008.pdf,AI generated. Domain listed in Appendix A of joint advisory AA26-281A; first seen date used.,AI agent,medium
domain,90174.careers.trendmicro.96html.com,2019-01-18,unknown,Flax Typhoon,china,unknown,unknown,https://www.ic3.gov/CSA/2026/261008.pdf,AI generated. Domain listed in Appendix A of joint advisory AA26-281A; first seen date used.,AI agent,medium
domain,96976.careers.96html.com,2019-01-18,unknown,Flax Typhoon,china,unknown,unknown,https://www.ic3.gov/CSA/2026/261008.pdf,AI generated. Domain listed in Appendix A of joint advisory AA26-281A; first seen date used.,AI agent,medium
domain,96976.trendmicro.96html.com,2019-01-18,unknown,Flax Typhoon,china,unknown,unknown,https://www.ic3.gov/CSA/2026/261008.pdf,AI generated. Domain listed in Appendix A of joint advisory AA26-281A; first seen date used.,AI agent,medium
domain,96html.com,2019-01-18,unknown,Flax Typhoon,china,unknown,unknown,https://www.ic3.gov/CSA/2026/261008.pdf,AI generated. Domain listed in Appendix A of joint advisory AA26-281A; first seen date used.,AI agent,medium
domain,98aiblog.com,2024-03-11,unknown,Flax Typhoon,china,unknown,unknown,https://www.ic3.gov/CSA/2026/261008.pdf,AI generated. Domain listed in Appendix A of joint advisory AA26-281A; first seen date used.,AI agent,medium
domain,a.alitagotest.cf,2020-01-27,unknown,Flax Typhoon,china,unknown,unknown,https://www.ic3.gov/CSA/2026/261008.pdf,AI generated. Domain listed in Appendix A of joint advisory AA26-281A; first seen date used.,AI agent,medium
domain,a.studiocloud.xyz,2021-12-31,unknown,Flax Typhoon,china,unknown,unknown,https://www.ic3.gov/CSA/2026/261008.pdf,AI generated. Domain listed in Appendix A of joint advisory AA26-281A; first seen date used.,AI agent,medium
domain,admin.dellme.ml,2020-03-20,unknown,Flax Typhoon,china,unknown,unknown,https://www.ic3.gov/CSA/2026/261008.pdf,AI generated. Domain listed in Appendix A of joint advisory AA26-281A; first seen date used.,AI agent,medium
domain,alitagotest.cf,2020-01-27,unknown,Flax Typhoon,china,unknown,unknown,https://www.ic3.gov/CSA/2026/261008.pdf,AI generated. Domain listed in Appendix A of joint advisory AA26-281A; first seen date used.,AI agent,medium
domain,arforcex.com,2019-03-05,unknown,Flax Typhoon,china,unknown,unknown,https://www.ic3.gov/CSA/2026/261008.pdf,AI generated. Domain listed in Appendix A of joint advisory AA26-281A; first seen date used.,AI agent,medium
domain,az.studiocloud.xyz,2021-12-31,unknown,Flax Typhoon,china,unknown,unknown,https://www.ic3.gov/CSA/2026/261008.pdf,AI generated. Domain listed in Appendix A of joint advisory AA26-281A; first seen date used.,AI agent,medium
domain,b.alitagotest.cf,2020-01-27,unknown,Flax Typhoon,china,unknown,unknown,https://www.ic3.gov/CSA/2026/261008.pdf,AI generated. Domain listed in Appendix A of joint advisory AA26-281A; first seen date used.,AI agent,medium
domain,bailbonding.info,2020-01-03,unknown,Flax Typhoon,china,unknown,unknown,https://www.ic3.gov/CSA/2026/261008.pdf,AI generated. Domain listed in Appendix A of joint advisory AA26-281A; first seen date used.,AI agent,medium
domain,bbs.sunmoon.website,2023-09-20,unknown,Flax Typhoon,china,unknown,unknown,https://www.ic3.gov/CSA/2026/261008.pdf,AI generated. Domain listed in Appendix A of joint advisory AA26-281A; first seen date used.,AI agent,medium
domain,careers.96html.com,2019-01-18,unknown,Flax Typhoon,china,unknown,unknown,https://www.ic3.gov/CSA/2026/261008.pdf,AI generated. Domain listed in Appendix A of joint advisory AA26-281A; first seen date used.,AI agent,medium
domain,careers.trendmicro.96html.com,2019-01-18,unknown,Flax Typhoon,china,unknown,unknown,https://www.ic3.gov/CSA/2026/261008.pdf,AI generated. Domain listed in Appendix A of joint advisory AA26-281A; first seen date used.,AI agent,medium
domain,cch.ooguy.com,2024-10-11,unknown,Flax Typhoon,china,unknown,unknown,https://www.ic3.gov/CSA/2026/261008.pdf,AI generated. Domain listed in Appendix A of joint advisory AA26-281A; first seen date used.,AI agent,medium
domain,check.96html.com,2019-01-18,unknown,Flax Typhoon,china,unknown,unknown,https://www.ic3.gov/CSA/2026/261008.pdf,AI generated. Domain listed in Appendix A of joint advisory AA26-281A; first seen date used.,AI agent,medium
domain,checkapi.tk,2022-01-06,unknown,Flax Typhoon,china,unknown,unknown,https://www.ic3.gov/CSA/2026/261008.pdf,AI generated. Domain listed in Appendix A of joint advisory AA26-281A; first seen date used.,AI agent,medium
domain,checkinfo.tk,2012-09-22,unknown,Flax Typhoon,china,unknown,unknown,https://www.ic3.gov/CSA/2026/261008.pdf,AI generated. Domain listed in Appendix A of joint advisory AA26-281A; first seen date used.,AI agent,medium
domain,chr0mail.com,2021-06-23,unknown,Flax Typhoon,china,unknown,unknown,https://www.ic3.gov/CSA/2026/261008.pdf,AI generated. Domain listed in Appendix A of joint advisory AA26-281A; first seen date used.,AI agent,medium
domain,cktime.ooguy.com,2023-12-26,unknown,Flax Typhoon,china,unknown,unknown,https://www.ic3.gov/CSA/2026/261008.pdf,AI generated. Domain listed in Appendix A of joint advisory AA26-281A; first seen date used.,AI agent,medium
domain,client.96html.com,2019-01-18,unknown,Flax Typhoon,china,unknown,unknown,https://www.ic3.gov/CSA/2026/261008.pdf,AI generated. Domain listed in Appendix A of joint advisory AA26-281A; first seen date used.,AI agent,medium
domain,cloud.96html.com,2019-01-18,unknown,Flax Typhoon,china,unknown,unknown,https://www.ic3.gov/CSA/2026/261008.pdf,AI generated. Domain listed in Appendix A of joint advisory AA26-281A; first seen date used.,AI agent,medium
domain,csrfproxy.studiocloud.xyz,2021-12-31,unknown,Flax Typhoon,china,unknown,unknown,https://www.ic3.gov/CSA/2026/261008.pdf,AI generated. Domain listed in Appendix A of joint advisory AA26-281A; first seen date used.,AI agent,medium
domain,dasxcyb.ga,2021-01-29,unknown,Flax Typhoon,china,unknown,unknown,https://www.ic3.gov/CSA/2026/261008.pdf,AI generated. Domain listed in Appendix A of joint advisory AA26-281A; first seen date used.,AI agent,medium
domain,dc-29465b27aa45.96html.com,2019-01-18,unknown,Flax Typhoon,china,unknown,unknown,https://www.ic3.gov/CSA/2026/261008.pdf,AI generated. Domain listed in Appendix A of joint advisory AA26-281A; first seen date used.,AI agent,medium
domain,dc-4fe9871cb224.96html.com,2019-01-18,unknown,Flax Typhoon,china,unknown,unknown,https://www.ic3.gov/CSA/2026/261008.pdf,AI generated. Domain listed in Appendix A of joint advisory AA26-281A; first seen date used.,AI agent,medium
domain,dc-582fc0f46da9.96html.com,2019-01-18,unknown,Flax Typhoon,china,unknown,unknown,https://www.ic3.gov/CSA/2026/261008.pdf,AI generated. Domain listed in Appendix A of joint advisory AA26-281A; first seen date used.,AI agent,medium
domain,dc-843d98722400.96html.com,2019-01-18,unknown,Flax Typhoon,china,unknown,unknown,https://www.ic3.gov/CSA/2026/261008.pdf,AI generated. Domain listed in Appendix A of joint advisory AA26-281A; first seen date used.,AI agent,medium
domain,dc-bb503834b7dc.96html.com,2019-01-18,unknown,Flax Typhoon,china,unknown,unknown,https://www.ic3.gov/CSA/2026/261008.pdf,AI generated. Domain listed in Appendix A of joint advisory AA26-281A; first seen date used.,AI agent,medium
domain,dc-c11a983d7f83.96html.com,2019-01-18,unknown,Flax Typhoon,china,unknown,unknown,https://www.ic3.gov/CSA/2026/261008.pdf,AI generated. Domain listed in Appendix A of joint advisory AA26-281A; first seen date used.,AI agent,medium
domain,dellme.ml,2020-03-20,unknown,Flax Typhoon,china,unknown,unknown,https://www.ic3.gov/CSA/2026/261008.pdf,AI generated. Domain listed in Appendix A of joint advisory AA26-281A; first seen date used.,AI agent,medium
domain,dns361.tk,2022-02-07,unknown,Flax Typhoon,china,unknown,unknown,https://www.ic3.gov/CSA/2026/261008.pdf,AI generated. Domain listed in Appendix A of joint advisory AA26-281A; first seen date used.,AI agent,medium
domain,dsdsei.com,2018-04-10,unknown,Flax Typhoon,china,unknown,unknown,https://www.ic3.gov/CSA/2026/261008.pdf,AI generated. Domain listed in Appendix A of joint advisory AA26-281A; first seen date used.,AI agent,medium
domain,eck.giize.com,2024-09-28,unknown,Flax Typhoon,china,unknown,unknown,https://www.ic3.gov/CSA/2026/261008.pdf,AI generated. Domain listed in Appendix A of joint advisory AA26-281A; first seen date used.,AI agent,medium
domain,feeee.io,2024-02-08,unknown,Flax Typhoon,china,unknown,unknown,https://www.ic3.gov/CSA/2026/261008.pdf,AI generated. Domain listed in Appendix A of joint advisory AA26-281A; first seen date used.,AI agent,medium
domain,findfindx.com,2022-01-06,unknown,Flax Typhoon,china,unknown,unknown,https://www.ic3.gov/CSA/2026/261008.pdf,AI generated. Domain listed in Appendix A of joint advisory AA26-281A; first seen date used.,AI agent,medium
domain,fukua.org,2017-11-24,unknown,Flax Typhoon,china,unknown,unknown,https://www.ic3.gov/CSA/2026/261008.pdf,AI generated. Domain listed in Appendix A of joint advisory AA26-281A; first seen date used.,AI agent,medium
domain,gate.sinica.edu.tw.checkapi.cf,2022-01-06,unknown,Flax Typhoon,china,unknown,unknown,https://www.ic3.gov/CSA/2026/261008.pdf,AI generated. Domain listed in Appendix A of joint advisory AA26-281A; first seen date used.,AI agent,medium
domain,googles.ddns.net,2021-10-22,unknown,Flax Typhoon,china,unknown,unknown,https://www.ic3.gov/CSA/2026/261008.pdf,AI generated. Domain listed in Appendix A of joint advisory AA26-281A; first seen date used.,AI agent,medium
domain,h.secshow.net,2023-06-26,unknown,Flax Typhoon,china,unknown,unknown,https://www.ic3.gov/CSA/2026/261008.pdf,AI generated. Domain listed in Appendix A of joint advisory AA26-281A; first seen date used.,AI agent,medium
domain,h5.feeee.io,2024-02-08,unknown,Flax Typhoon,china,unknown,unknown,https://www.ic3.gov/CSA/2026/261008.pdf,AI generated. Domain listed in Appendix A of joint advisory AA26-281A; first seen date used.,AI agent,medium
domain,halloween.checkapi.cf,2022-01-06,unknown,Flax Typhoon,china,unknown,unknown,https://www.ic3.gov/CSA/2026/261008.pdf,AI generated. Domain listed in Appendix A of joint advisory AA26-281A; first seen date used.,AI agent,medium
domain,helpuself.ptps.tk,2019-12-05,unknown,Flax Typhoon,china,unknown,unknown,https://www.ic3.gov/CSA/2026/261008.pdf,AI generated. Domain listed in Appendix A of joint advisory AA26-281A; first seen date used.,AI agent,medium
domain,hgiga.96html.com,2019-01-18,unknown,Flax Typhoon,china,unknown,unknown,https://www.ic3.gov/CSA/2026/261008.pdf,AI generated. Domain listed in Appendix A of joint advisory AA26-281A; first seen date used.,AI agent,medium
domain,honey1314520.com,2020-11-23,unknown,Flax Typhoon,china,unknown,unknown,https://www.ic3.gov/CSA/2026/261008.pdf,AI generated. Domain listed in Appendix A of joint advisory AA26-281A; first seen date used.,AI agent,medium
domain,hook.studiocloud.xyz,2021-12-31,unknown,Flax Typhoon,china,unknown,unknown,https://www.ic3.gov/CSA/2026/261008.pdf,AI generated. Domain listed in Appendix A of joint advisory AA26-281A; first seen date used.,AI agent,medium
domain,hus1.ptps.tk,2019-12-05,unknown,Flax Typhoon,china,unknown,unknown,https://www.ic3.gov/CSA/2026/261008.pdf,AI generated. Domain listed in Appendix A of joint advisory AA26-281A; first seen date used.,AI agent,medium
domain,hus3.ptps.tk,2019-12-05,unknown,Flax Typhoon,china,unknown,unknown,https://www.ic3.gov/CSA/2026/261008.pdf,AI generated. Domain listed in Appendix A of joint advisory AA26-281A; first seen date used.,AI agent,medium
domain,hw1.ptps.tk,2019-12-05,unknown,Flax Typhoon,china,unknown,unknown,https://www.ic3.gov/CSA/2026/261008.pdf,AI generated. Domain listed in Appendix A of joint advisory AA26-281A; first seen date used.,AI agent,medium
domain,ica.96html.com,2019-01-18,unknown,Flax Typhoon,china,unknown,unknown,https://www.ic3.gov/CSA/2026/261008.pdf,AI generated. Domain listed in Appendix A of joint advisory AA26-281A; first seen date used.,AI agent,medium
domain,im.arforcex.com,2019-03-04,unknown,Flax Typhoon,china,unknown,unknown,https://www.ic3.gov/CSA/2026/261008.pdf,AI generated. Domain listed in Appendix A of joint advisory AA26-281A; first seen date used.,AI agent,medium
domain,imap.sunmoon.website,2023-09-20,unknown,Flax Typhoon,china,unknown,unknown,https://www.ic3.gov/CSA/2026/261008.pdf,AI generated. Domain listed in Appendix A of joint advisory AA26-281A; first seen date used.,AI agent,medium
domain,info.96html.com,2019-01-18,unknown,Flax Typhoon,china,unknown,unknown,https://www.ic3.gov/CSA/2026/261008.pdf,AI generated. Domain listed in Appendix A of joint advisory AA26-281A; first seen date used.,AI agent,medium
domain,integritytoch.com,2020-12-11,unknown,Flax Typhoon,china,unknown,unknown,https://www.ic3.gov/CSA/2026/261008.pdf,AI generated. Domain listed in Appendix A of joint advisory AA26-281A; first seen date used.,AI agent,medium
domain,just.checkapi.cf,2022-01-06,unknown,Flax Typhoon,china,unknown,unknown,https://www.ic3.gov/CSA/2026/261008.pdf,AI generated. Domain listed in Appendix A of joint advisory AA26-281A; first seen date used.,AI agent,medium
domain,kk.dasxcyb.ga,2021-01-29,unknown,Flax Typhoon,china,unknown,unknown,https://www.ic3.gov/CSA/2026/261008.pdf,AI generated. Domain listed in Appendix A of joint advisory AA26-281A; first seen date used.,AI agent,medium
domain,leicc009.ga,2020-05-24,unknown,Flax Typhoon,china,unknown,unknown,https://www.ic3.gov/CSA/2026/261008.pdf,AI generated. Domain listed in Appendix A of joint advisory AA26-281A; first seen date used.,AI agent,medium
domain,live.studiocloud.xyz,2021-12-31,unknown,Flax Typhoon,china,unknown,unknown,https://www.ic3.gov/CSA/2026/261008.pdf,AI generated. Domain listed in Appendix A of joint advisory AA26-281A; first seen date used.,AI agent,medium
domain,m.secshow.net,2023-06-26,unknown,Flax Typhoon,china,unknown,unknown,https://www.ic3.gov/CSA/2026/261008.pdf,AI generated. Domain listed in Appendix A of joint advisory AA26-281A; first seen date used.,AI agent,medium
domain,ma.studiocloud.xyz,2021-12-31,unknown,Flax Typhoon,china,unknown,unknown,https://www.ic3.gov/CSA/2026/261008.pdf,AI generated. Domain listed in Appendix A of joint advisory AA26-281A; first seen date used.,AI agent,medium
domain,mail.bailbonding.info,2020-01-03,unknown,Flax Typhoon,china,unknown,unknown,https://www.ic3.gov/CSA/2026/261008.pdf,AI generated. Domain listed in Appendix A of joint advisory AA26-281A; first seen date used.,AI agent,medium
domain,mail.sunmoon.website,2023-09-20,unknown,Flax Typhoon,china,unknown,unknown,https://www.ic3.gov/CSA/2026/261008.pdf,AI generated. Domain listed in Appendix A of joint advisory AA26-281A; first seen date used.,AI agent,medium
domain,masaplus.club,2021-07-22,unknown,Flax Typhoon,china,unknown,unknown,https://www.ic3.gov/CSA/2026/261008.pdf,AI generated. Domain listed in Appendix A of joint advisory AA26-281A; first seen date used.,AI agent,medium
domain,microscan.me,2017-12-10,unknown,Flax Typhoon,china,unknown,unknown,https://www.ic3.gov/CSA/2026/261008.pdf,AI generated. Domain listed in Appendix A of joint advisory AA26-281A; first seen date used.,AI agent,medium
domain,mitt.96html.com,2019-01-18,unknown,Flax Typhoon,china,unknown,unknown,https://www.ic3.gov/CSA/2026/261008.pdf,AI generated. Domain listed in Appendix A of joint advisory AA26-281A; first seen date used.,AI agent,medium
domain,ms.studiocloud.xyz,2021-12-31,unknown,Flax Typhoon,china,unknown,unknown,https://www.ic3.gov/CSA/2026/261008.pdf,AI generated. Domain listed in Appendix A of joint advisory AA26-281A; first seen date used.,AI agent,medium
domain,msedge.store,2023-11-09,unknown,Flax Typhoon,china,unknown,unknown,https://www.ic3.gov/CSA/2026/261008.pdf,AI generated. Domain listed in Appendix A of joint advisory AA26-281A; first seen date used.,AI agent,medium
domain,mx.sunmoon.website,2023-09-20,unknown,Flax Typhoon,china,unknown,unknown,https://www.ic3.gov/CSA/2026/261008.pdf,AI generated. Domain listed in Appendix A of joint advisory AA26-281A; first seen date used.,AI agent,medium
domain,natcloudservice.com,2023-09-08,unknown,Flax Typhoon,china,unknown,unknown,https://www.ic3.gov/CSA/2026/261008.pdf,AI generated. Domain listed in Appendix A of joint advisory AA26-281A; first seen date used.,AI agent,medium
domain,nikoes.gq,2021-06-15,unknown,Flax Typhoon,china,unknown,unknown,https://www.ic3.gov/CSA/2026/261008.pdf,AI generated. Domain listed in Appendix A of joint advisory AA26-281A; first seen date used.,AI agent,medium
domain,ns1.alitagotest.cf,2020-01-27,unknown,Flax Typhoon,china,unknown,unknown,https://www.ic3.gov/CSA/2026/261008.pdf,AI generated. Domain listed in Appendix A of joint advisory AA26-281A; first seen date used.,AI agent,medium
domain,ns1.honey1314520.com,2020-11-23,unknown,Flax Typhoon,china,unknown,unknown,https://www.ic3.gov/CSA/2026/261008.pdf,AI generated. Domain listed in Appendix A of joint advisory AA26-281A; first seen date used.,AI agent,medium
domain,ns1.nikoes.gq,2021-06-15,unknown,Flax Typhoon,china,unknown,unknown,https://www.ic3.gov/CSA/2026/261008.pdf,AI generated. Domain listed in Appendix A of joint advisory AA26-281A; first seen date used.,AI agent,medium
domain,ns2.nikoes.gq,2021-06-15,unknown,Flax Typhoon,china,unknown,unknown,https://www.ic3.gov/CSA/2026/261008.pdf,AI generated. Domain listed in Appendix A of joint advisory AA26-281A; first seen date used.,AI agent,medium
domain,payment.feeee.io,2024-02-08,unknown,Flax Typhoon,china,unknown,unknown,https://www.ic3.gov/CSA/2026/261008.pdf,AI generated. Domain listed in Appendix A of joint advisory AA26-281A; first seen date used.,AI agent,medium
domain,pdc._msdcs.cktime.ooguy.com,2023-12-26,unknown,Flax Typhoon,china,unknown,unknown,https://www.ic3.gov/CSA/2026/261008.pdf,AI generated. Domain listed in Appendix A of joint advisory AA26-281A; first seen date used.,AI agent,medium
domain,ptps.tk,2019-12-05,unknown,Flax Typhoon,china,unknown,unknown,https://www.ic3.gov/CSA/2026/261008.pdf,AI generated. Domain listed in Appendix A of joint advisory AA26-281A; first seen date used.,AI agent,medium
domain,puc.checkapi.tk,2022-01-06,unknown,Flax Typhoon,china,unknown,unknown,https://www.ic3.gov/CSA/2026/261008.pdf,AI generated. Domain listed in Appendix A of joint advisory AA26-281A; first seen date used.,AI agent,medium
domain,purple76.com,2021-11-11,unknown,Flax Typhoon,china,unknown,unknown,https://www.ic3.gov/CSA/2026/261008.pdf,AI generated. Domain listed in Appendix A of joint advisory AA26-281A; first seen date used.,AI agent,medium
domain,pw2.sexytube0.com,2017-10-07,unknown,Flax Typhoon,china,unknown,unknown,https://www.ic3.gov/CSA/2026/261008.pdf,AI generated. Domain listed in Appendix A of joint advisory AA26-281A; first seen date used.,AI agent,medium
domain,random.cktime.ooguy.com,2023-12-26,unknown,Flax Typhoon,china,unknown,unknown,https://www.ic3.gov/CSA/2026/261008.pdf,AI generated. Domain listed in Appendix A of joint advisory AA26-281A; first seen date used.,AI agent,medium
domain,s3crts.softether.net,2021-03-25,unknown,Flax Typhoon,china,unknown,unknown,https://www.ic3.gov/CSA/2026/261008.pdf,AI generated. Domain listed in Appendix A of joint advisory AA26-281A; first seen date used.,AI agent,medium
domain,scallpay.com,2023-07-03,unknown,Flax Typhoon,china,unknown,unknown,https://www.ic3.gov/CSA/2026/261008.pdf,AI generated. Domain listed in Appendix A of joint advisory AA26-281A; first seen date used.,AI agent,medium
domain,search.96html.com,2019-01-18,unknown,Flax Typhoon,china,unknown,unknown,https://www.ic3.gov/CSA/2026/261008.pdf,AI generated. Domain listed in Appendix A of joint advisory AA26-281A; first seen date used.,AI agent,medium
domain,secretr.feeee.io,2024-02-08,unknown,Flax Typhoon,china,unknown,unknown,https://www.ic3.gov/CSA/2026/261008.pdf,AI generated. Domain listed in Appendix A of joint advisory AA26-281A; first seen date used.,AI agent,medium
domain,secshow.net,2023-06-26,unknown,Flax Typhoon,china,unknown,unknown,https://www.ic3.gov/CSA/2026/261008.pdf,AI generated. Domain listed in Appendix A of joint advisory AA26-281A; first seen date used.,AI agent,medium
domain,server.feeee.io,2024-02-08,unknown,Flax Typhoon,china,unknown,unknown,https://www.ic3.gov/CSA/2026/261008.pdf,AI generated. Domain listed in Appendix A of joint advisory AA26-281A; first seen date used.,AI agent,medium
domain,sexytube0.com,2017-10-07,unknown,Flax Typhoon,china,unknown,unknown,https://www.ic3.gov/CSA/2026/261008.pdf,AI generated. Domain listed in Appendix A of joint advisory AA26-281A; first seen date used.,AI agent,medium
domain,shifuj.com,2019-06-03,unknown,Flax Typhoon,china,unknown,unknown,https://www.ic3.gov/CSA/2026/261008.pdf,AI generated. Domain listed in Appendix A of joint advisory AA26-281A; first seen date used.,AI agent,medium
domain,shop.96html.com,2019-01-18,unknown,Flax Typhoon,china,unknown,unknown,https://www.ic3.gov/CSA/2026/261008.pdf,AI generated. Domain listed in Appendix A of joint advisory AA26-281A; first seen date used.,AI agent,medium
domain,shopify.feeee.io,2024-02-08,unknown,Flax Typhoon,china,unknown,unknown,https://www.ic3.gov/CSA/2026/261008.pdf,AI generated. Domain listed in Appendix A of joint advisory AA26-281A; first seen date used.,AI agent,medium
domain,smtp.sunmoon.website,2023-09-20,unknown,Flax Typhoon,china,unknown,unknown,https://www.ic3.gov/CSA/2026/261008.pdf,AI generated. Domain listed in Appendix A of joint advisory AA26-281A; first seen date used.,AI agent,medium
domain,streescans.com,2022-05-10,unknown,Flax Typhoon,china,unknown,unknown,https://www.ic3.gov/CSA/2026/261008.pdf,AI generated. Domain listed in Appendix A of joint advisory AA26-281A; first seen date used.,AI agent,medium
domain,sunmoon.website,2023-09-20,unknown,Flax Typhoon,china,unknown,unknown,https://www.ic3.gov/CSA/2026/261008.pdf,AI generated. Domain listed in Appendix A of joint advisory AA26-281A; first seen date used.,AI agent,medium
domain,supper.feeee.io,2024-02-08,unknown,Flax Typhoon,china,unknown,unknown,https://www.ic3.gov/CSA/2026/261008.pdf,AI generated. Domain listed in Appendix A of joint advisory AA26-281A; first seen date used.,AI agent,medium
domain,support.96html.com,2019-01-18,unknown,Flax Typhoon,china,unknown,unknown,https://www.ic3.gov/CSA/2026/261008.pdf,AI generated. Domain listed in Appendix A of joint advisory AA26-281A; first seen date used.,AI agent,medium
domain,t.checkinfo.tk,2012-09-22,unknown,Flax Typhoon,china,unknown,unknown,https://www.ic3.gov/CSA/2026/261008.pdf,AI generated. Domain listed in Appendix A of joint advisory AA26-281A; first seen date used.,AI agent,medium
domain,teyan.microscan.me,2017-12-10,unknown,Flax Typhoon,china,unknown,unknown,https://www.ic3.gov/CSA/2026/261008.pdf,AI generated. Domain listed in Appendix A of joint advisory AA26-281A; first seen date used.,AI agent,medium
domain,traffic.96html.com,2019-01-18,unknown,Flax Typhoon,china,unknown,unknown,https://www.ic3.gov/CSA/2026/261008.pdf,AI generated. Domain listed in Appendix A of joint advisory AA26-281A; first seen date used.,AI agent,medium
domain,trendmicro.96html.com,2019-01-18,unknown,Flax Typhoon,china,unknown,unknown,https://www.ic3.gov/CSA/2026/261008.pdf,AI generated. Domain listed in Appendix A of joint advisory AA26-281A; first seen date used.,AI agent,medium
domain,trust.feeee,2024-02-08,unknown,Flax Typhoon,china,unknown,unknown,https://www.ic3.gov/CSA/2026/261008.pdf,AI generated. Domain listed in Appendix A of joint advisory AA26-281A; first seen date used.,AI agent,medium
domain,tsedws.com,2020-06-01,unknown,Flax Typhoon,china,unknown,unknown,https://www.ic3.gov/CSA/2026/261008.pdf,AI generated. Domain listed in Appendix A of joint advisory AA26-281A; first seen date used.,AI agent,medium
domain,txt.studiocloud.xyz,2021-12-31,unknown,Flax Typhoon,china,unknown,unknown,https://www.ic3.gov/CSA/2026/261008.pdf,AI generated. Domain listed in Appendix A of joint advisory AA26-281A; first seen date used.,AI agent,medium
domain,update.96html.com,2019-01-18,unknown,Flax Typhoon,china,unknown,unknown,https://www.ic3.gov/CSA/2026/261008.pdf,AI generated. Domain listed in Appendix A of joint advisory AA26-281A; first seen date used.,AI agent,medium
domain,upgrate.checkapi.cf,2022-01-06,unknown,Flax Typhoon,china,unknown,unknown,https://www.ic3.gov/CSA/2026/261008.pdf,AI generated. Domain listed in Appendix A of joint advisory AA26-281A; first seen date used.,AI agent,medium
domain,upl.natcloudservice.com,2023-09-08,unknown,Flax Typhoon,china,unknown,unknown,https://www.ic3.gov/CSA/2026/261008.pdf,AI generated. Domain listed in Appendix A of joint advisory AA26-281A; first seen date used.,AI agent,medium
domain,v3.streescans.com,2022-05-10,unknown,Flax Typhoon,china,unknown,unknown,https://www.ic3.gov/CSA/2026/261008.pdf,AI generated. Domain listed in Appendix A of joint advisory AA26-281A; first seen date used.,AI agent,medium
domain,vnpt.sexytube0.com,2017-10-07,unknown,Flax Typhoon,china,unknown,unknown,https://www.ic3.gov/CSA/2026/261008.pdf,AI generated. Domain listed in Appendix A of joint advisory AA26-281A; first seen date used.,AI agent,medium
domain,vpn21.arforcex.com,2019-03-04,unknown,Flax Typhoon,china,unknown,unknown,https://www.ic3.gov/CSA/2026/261008.pdf,AI generated. Domain listed in Appendix A of joint advisory AA26-281A; first seen date used.,AI agent,medium
domain,vpn328433596.softether.net,2023-03-28,unknown,Flax Typhoon,china,unknown,unknown,https://www.ic3.gov/CSA/2026/261008.pdf,AI generated. Domain listed in Appendix A of joint advisory AA26-281A; first seen date used.,AI agent,medium
domain,vpn614174689.softether.net,2023-09-02,unknown,Flax Typhoon,china,unknown,unknown,https://www.ic3.gov/CSA/2026/261008.pdf,AI generated. Domain listed in Appendix A of joint advisory AA26-281A; first seen date used.,AI agent,medium
domain,vpn677190427.softether.net,2024-04-17,unknown,Flax Typhoon,china,unknown,unknown,https://www.ic3.gov/CSA/2026/261008.pdf,AI generated. Domain listed in Appendix A of joint advisory AA26-281A; first seen date used.,AI agent,medium
domain,vpn718535264.softether.net,2022-03-11,unknown,Flax Typhoon,china,unknown,unknown,https://www.ic3.gov/CSA/2026/261008.pdf,AI generated. Domain listed in Appendix A of joint advisory AA26-281A; first seen date used.,AI agent,medium
domain,vpn823494147.softether.net,2023-06-26,unknown,Flax Typhoon,china,unknown,unknown,https://www.ic3.gov/CSA/2026/261008.pdf,AI generated. Domain listed in Appendix A of joint advisory AA26-281A; first seen date used.,AI agent,medium
domain,wanfang.accesscam.org,2024-09-18,unknown,Flax Typhoon,china,unknown,unknown,https://www.ic3.gov/CSA/2026/261008.pdf,AI generated. Domain listed in Appendix A of joint advisory AA26-281A; first seen date used.,AI agent,medium
domain,webdisk.bailbonding.info,2020-01-03,unknown,Flax Typhoon,china,unknown,unknown,https://www.ic3.gov/CSA/2026/261008.pdf,AI generated. Domain listed in Appendix A of joint advisory AA26-281A; first seen date used.,AI agent,medium
domain,webmail.studiocloud.xyz,2021-12-31,unknown,Flax Typhoon,china,unknown,unknown,https://www.ic3.gov/CSA/2026/261008.pdf,AI generated. Domain listed in Appendix A of joint advisory AA26-281A; first seen date used.,AI agent,medium
domain,well.96html.com,2019-01-18,unknown,Flax Typhoon,china,unknown,unknown,https://www.ic3.gov/CSA/2026/261008.pdf,AI generated. Domain listed in Appendix A of joint advisory AA26-281A; first seen date used.,AI agent,medium
domain,ws.studiocloud.xyz,2021-12-31,unknown,Flax Typhoon,china,unknown,unknown,https://www.ic3.gov/CSA/2026/261008.pdf,AI generated. Domain listed in Appendix A of joint advisory AA26-281A; first seen date used.,AI agent,medium
domain,wss.studiocloud.xyz,2021-12-31,unknown,Flax Typhoon,china,unknown,unknown,https://www.ic3.gov/CSA/2026/261008.pdf,AI generated. Domain listed in Appendix A of joint advisory AA26-281A; first seen date used.,AI agent,medium
domain,www.96html.com,2019-01-18,unknown,Flax Typhoon,china,unknown,unknown,https://www.ic3.gov/CSA/2026/261008.pdf,AI generated. Domain listed in Appendix A of joint advisory AA26-281A; first seen date used.,AI agent,medium
domain,www.alitagotest.cf,2020-01-27,unknown,Flax Typhoon,china,unknown,unknown,https://www.ic3.gov/CSA/2026/261008.pdf,AI generated. Domain listed in Appendix A of joint advisory AA26-281A; first seen date used.,AI agent,medium
domain,www.chr0mail.com,2021-06-23,unknown,Flax Typhoon,china,unknown,unknown,https://www.ic3.gov/CSA/2026/261008.pdf,AI generated. Domain listed in Appendix A of joint advisory AA26-281A; first seen date used.,AI agent,medium
domain,www.cktime.ooguy.com,2023-12-26,unknown,Flax Typhoon,china,unknown,unknown,https://www.ic3.gov/CSA/2026/261008.pdf,AI generated. Domain listed in Appendix A of joint advisory AA26-281A; first seen date used.,AI agent,medium
domain,www.dns361.tk,2022-02-07,unknown,Flax Typhoon,china,unknown,unknown,https://www.ic3.gov/CSA/2026/261008.pdf,AI generated. Domain listed in Appendix A of joint advisory AA26-281A; first seen date used.,AI agent,medium
domain,www.feeee.io,2024-02-08,unknown,Flax Typhoon,china,unknown,unknown,https://www.ic3.gov/CSA/2026/261008.pdf,AI generated. Domain listed in Appendix A of joint advisory AA26-281A; first seen date used.,AI agent,medium
domain,www.javacheck.ooguy.com,2024-06-17,unknown,Flax Typhoon,china,unknown,unknown,https://www.ic3.gov/CSA/2026/261008.pdf,AI generated. Domain listed in Appendix A of joint advisory AA26-281A; first seen date used.,AI agent,medium
domain,www.leicc009.ga,2020-05-24,unknown,Flax Typhoon,china,unknown,unknown,https://www.ic3.gov/CSA/2026/261008.pdf,AI generated. Domain listed in Appendix A of joint advisory AA26-281A; first seen date used.,AI agent,medium
domain,www.msedge.store,2023-11-09,unknown,Flax Typhoon,china,unknown,unknown,https://www.ic3.gov/CSA/2026/261008.pdf,AI generated. Domain listed in Appendix A of joint advisory AA26-281A; first seen date used.,AI agent,medium
domain,www.mx.sunmoon.website,2023-09-20,unknown,Flax Typhoon,china,unknown,unknown,https://www.ic3.gov/CSA/2026/261008.pdf,AI generated. Domain listed in Appendix A of joint advisory AA26-281A; first seen date used.,AI agent,medium
domain,www.purple76.com,2021-11-11,unknown,Flax Typhoon,china,unknown,unknown,https://www.ic3.gov/CSA/2026/261008.pdf,AI generated. Domain listed in Appendix A of joint advisory AA26-281A; first seen date used.,AI agent,medium
domain,www.smtp.sunmoon.website,2023-09-20,unknown,Flax Typhoon,china,unknown,unknown,https://www.ic3.gov/CSA/2026/261008.pdf,AI generated. Domain listed in Appendix A of joint advisory AA26-281A; first seen date used.,AI agent,medium
domain,www.sofeter.ml,2023-03-13,unknown,Flax Typhoon,china,unknown,unknown,https://www.ic3.gov/CSA/2026/261008.pdf,AI generated. Domain listed in Appendix A of joint advisory AA26-281A; first seen date used.,AI agent,medium
domain,www.studiocloud.xyz,2021-12-31,unknown,Flax Typhoon,china,unknown,unknown,https://www.ic3.gov/CSA/2026/261008.pdf,AI generated. Domain listed in Appendix A of joint advisory AA26-281A; first seen date used.,AI agent,medium
domain,www.sunmoon.website,2023-09-20,unknown,Flax Typhoon,china,unknown,unknown,https://www.ic3.gov/CSA/2026/261008.pdf,AI generated. Domain listed in Appendix A of joint advisory AA26-281A; first seen date used.,AI agent,medium
domain,www.www.smtp.sunmoon.website,2023-09-20,unknown,Flax Typhoon,china,unknown,unknown,https://www.ic3.gov/CSA/2026/261008.pdf,AI generated. Domain listed in Appendix A of joint advisory AA26-281A; first seen date used.,AI agent,medium
domain,www.www.sunmoon.website,2023-09-20,unknown,Flax Typhoon,china,unknown,unknown,https://www.ic3.gov/CSA/2026/261008.pdf,AI generated. Domain listed in Appendix A of joint advisory AA26-281A; first seen date used.,AI agent,medium
domain,xassxxdns.alitagotest.cf,2020-01-27,unknown,Flax Typhoon,china,unknown,unknown,https://www.ic3.gov/CSA/2026/261008.pdf,AI generated. Domain listed in Appendix A of joint advisory AA26-281A; first seen date used.,AI agent,medium
domain,zerogravity1986.softether.net,2023-12-09,unknown,Flax Typhoon,china,unknown,unknown,https://www.ic3.gov/CSA/2026/261008.pdf,AI generated. Domain listed in Appendix A of joint advisory AA26-281A; first seen date used.,AI agent,medium
ip,1.34.140.5,2023-03-15,unknown,Flax Typhoon,china,unknown,unknown,https://www.ic3.gov/CSA/2026/261008.pdf,AI generated. IP address listed in Appendix A of joint advisory AA26-281A; first seen date used.,AI agent,medium
ip,2.58.242.74,2024-12-02,unknown,Flax Typhoon,china,unknown,unknown,https://www.ic3.gov/CSA/2026/261008.pdf,AI generated. IP address listed in Appendix A of joint advisory AA26-281A; first seen date used.,AI agent,medium
ip,5.188.34.134,2024-08-30,unknown,Flax Typhoon,china,unknown,unknown,https://www.ic3.gov/CSA/2026/261008.pdf,AI generated. IP address listed in Appendix A of joint advisory AA26-281A; first seen date used.,AI agent,medium
ip,5.188.230.69,2023-08-07,unknown,Flax Typhoon,china,unknown,unknown,https://www.ic3.gov/CSA/2026/261008.pdf,AI generated. IP address listed in Appendix A of joint advisory AA26-281A; first seen date used.,AI agent,medium
ip,8.219.119.5,2024-09-12,unknown,Flax Typhoon,china,unknown,unknown,https://www.ic3.gov/CSA/2026/261008.pdf,AI generated. IP address listed in Appendix A of joint advisory AA26-281A; first seen date used.,AI agent,medium
ip,14.1.98.160,2024-03-22,unknown,Flax Typhoon,china,unknown,unknown,https://www.ic3.gov/CSA/2026/261008.pdf,AI generated. IP address listed in Appendix A of joint advisory AA26-281A; first seen date used.,AI agent,medium
ip,14.128.33.8,2023-12-04,unknown,Flax Typhoon,china,unknown,unknown,https://www.ic3.gov/CSA/2026/261008.pdf,AI generated. IP address listed in Appendix A of joint advisory AA26-281A; first seen date used.,AI agent,medium
ip,14.1.98.223,2023-06-20,unknown,Flax Typhoon,china,unknown,unknown,https://www.ic3.gov/CSA/2026/261008.pdf,AI generated. IP address listed in Appendix A of joint advisory AA26-281A; first seen date used.,AI agent,medium
ip,27.154.215.126,2023-07-11,unknown,Flax Typhoon,china,unknown,unknown,https://www.ic3.gov/CSA/2026/261008.pdf,AI generated. IP address listed in Appendix A of joint advisory AA26-281A; first seen date used.,AI agent,medium
ip,27.154.105.36,2024-02-03,unknown,Flax Typhoon,china,unknown,unknown,https://www.ic3.gov/CSA/2026/261008.pdf,AI generated. IP address listed in Appendix A of joint advisory AA26-281A; first seen date used.,AI agent,medium
ip,27.149.115.78,2023-03-22,unknown,Flax Typhoon,china,unknown,unknown,https://www.ic3.gov/CSA/2026/261008.pdf,AI generated. IP address listed in Appendix A of joint advisory AA26-281A; first seen date used.,AI agent,medium
ip,27.149.79.35,2023-03-23,unknown,Flax Typhoon,china,unknown,unknown,https://www.ic3.gov/CSA/2026/261008.pdf,AI generated. IP address listed in Appendix A of joint advisory AA26-281A; first seen date used.,AI agent,medium
ip,31.232.221.35,2024-05-14,unknown,Flax Typhoon,china,unknown,unknown,https://www.ic3.gov/CSA/2026/261008.pdf,AI generated. IP address listed in Appendix A of joint advisory AA26-281A; first seen date used.,AI agent,medium
ip,36.112.10.102,2023-09-04,unknown,Flax Typhoon,china,unknown,unknown,https://www.ic3.gov/CSA/2026/261008.pdf,AI generated. IP address listed in Appendix A of joint advisory AA26-281A; first seen date used.,AI agent,medium
ip,36.112.188.119,2023-08-13,unknown,Flax Typhoon,china,unknown,unknown,https://www.ic3.gov/CSA/2026/261008.pdf,AI generated. IP address listed in Appendix A of joint advisory AA26-281A; first seen date used.,AI agent,medium
ip,36.112.186.135,2023-08-14,unknown,Flax Typhoon,china,unknown,unknown,https://www.ic3.gov/CSA/2026/261008.pdf,AI generated. IP address listed in Appendix A of joint advisory AA26-281A; first seen date used.,AI agent,medium
ip,36.112.206.121,2023-08-12,unknown,Flax Typhoon,china,unknown,unknown,https://www.ic3.gov/CSA/2026/261008.pdf,AI generated. IP address listed in Appendix A of joint advisory AA26-281A; first seen date used.,AI agent,medium
ip,36.249.156.117,2023-11-29,unknown,Flax Typhoon,china,unknown,unknown,https://www.ic3.gov/CSA/2026/261008.pdf,AI generated. IP address listed in Appendix A of joint advisory AA26-281A; first seen date used.,AI agent,medium
ip,36.249.156.122,2023-11-15,unknown,Flax Typhoon,china,unknown,unknown,https://www.ic3.gov/CSA/2026/261008.pdf,AI generated. IP address listed in Appendix A of joint advisory AA26-281A; first seen date used.,AI agent,medium
ip,36.249.156.159,2023-05-31,unknown,Flax Typhoon,china,unknown,unknown,https://www.ic3.gov/CSA/2026/261008.pdf,AI generated. IP address listed in Appendix A of joint advisory AA26-281A; first seen date used.,AI agent,medium
ip,36.249.156.178,2023-05-22,unknown,Flax Typhoon,china,unknown,unknown,https://www.ic3.gov/CSA/2026/261008.pdf,AI generated. IP address listed in Appendix A of joint advisory AA26-281A; first seen date used.,AI agent,medium
ip,36.249.156.205,2023-11-13,unknown,Flax Typhoon,china,unknown,unknown,https://www.ic3.gov/CSA/2026/261008.pdf,AI generated. IP address listed in Appendix A of joint advisory AA26-281A; first seen date used.,AI agent,medium
ip,36.249.156.206,2023-11-23,unknown,Flax Typhoon,china,unknown,unknown,https://www.ic3.gov/CSA/2026/261008.pdf,AI generated. IP address listed in Appendix A of joint advisory AA26-281A; first seen date used.,AI agent,medium
ip,36.249.156.220,2022-06-07,unknown,Flax Typhoon,china,unknown,unknown,https://www.ic3.gov/CSA/2026/261008.pdf,AI generated. IP address listed in Appendix A of joint advisory AA26-281A; first seen date used.,AI agent,medium
ip,36.249.156.226,2023-05-08,unknown,Flax Typhoon,china,unknown,unknown,https://www.ic3.gov/CSA/2026/261008.pdf,AI generated. IP address listed in Appendix A of joint advisory AA26-281A; first seen date used.,AI agent,medium
ip,36.112.200.35,2023-08-09,unknown,Flax Typhoon,china,unknown,unknown,https://www.ic3.gov/CSA/2026/261008.pdf,AI generated. IP address listed in Appendix A of joint advisory AA26-281A; first seen date used.,AI agent,medium
ip,36.249.156.51,2023-11-20,unknown,Flax Typhoon,china,unknown,unknown,https://www.ic3.gov/CSA/2026/261008.pdf,AI generated. IP address listed in Appendix A of joint advisory AA26-281A; first seen date used.,AI agent,medium
ip,36.112.198.68,2023-08-13,unknown,Flax Typhoon,china,unknown,unknown,https://www.ic3.gov/CSA/2026/261008.pdf,AI generated. IP address listed in Appendix A of joint advisory AA26-281A; first seen date used.,AI agent,medium
ip,36.249.156.69,2023-05-31,unknown,Flax Typhoon,china,unknown,unknown,https://www.ic3.gov/CSA/2026/261008.pdf,AI generated. IP address listed in Appendix A of joint advisory AA26-281A; first seen date used.,AI agent,medium
ip,36.112.10.99,2024-09-19,unknown,Flax Typhoon,china,unknown,unknown,https://www.ic3.gov/CSA/2026/261008.pdf,AI generated. IP address listed in Appendix A of joint advisory AA26-281A; first seen date used.,AI agent,medium
ip,39.72.220.221,2023-03-20,unknown,Flax Typhoon,china,unknown,unknown,https://www.ic3.gov/CSA/2026/261008.pdf,AI generated. IP address listed in Appendix A of joint advisory AA26-281A; first seen date used.,AI agent,medium
ip,42.73.98.232,2024-05-13,unknown,Flax Typhoon,china,unknown,unknown,https://www.ic3.gov/CSA/2026/261008.pdf,AI generated. IP address listed in Appendix A of joint advisory AA26-281A; first seen date used.,AI agent,medium
ip,45.123.189.19,2021-11-16,unknown,Flax Typhoon,china,unknown,unknown,https://www.ic3.gov/CSA/2026/261008.pdf,AI generated. IP address listed in Appendix A of joint advisory AA26-281A; first seen date used.,AI agent,medium
ip,45.32.140.182,2021-01-08,unknown,Flax Typhoon,china,unknown,unknown,https://www.ic3.gov/CSA/2026/261008.pdf,AI generated. IP address listed in Appendix A of joint advisory AA26-281A; first seen date used.,AI agent,medium
ip,45.32.232.146,2020-12-18,unknown,Flax Typhoon,china,unknown,unknown,https://www.ic3.gov/CSA/2026/261008.pdf,AI generated. IP address listed in Appendix A of joint advisory AA26-281A; first seen date used.,AI agent,medium
ip,45.63.123.142,2021-06-04,unknown,Flax Typhoon,china,unknown,unknown,https://www.ic3.gov/CSA/2026/261008.pdf,AI generated. IP address listed in Appendix A of joint advisory AA26-281A; first seen date used.,AI agent,medium
ip,45.63.116.190,2019-11-20,unknown,Flax Typhoon,china,unknown,unknown,https://www.ic3.gov/CSA/2026/261008.pdf,AI generated. IP address listed in Appendix A of joint advisory AA26-281A; first seen date used.,AI agent,medium
ip,45.131.69.197,2023-03-31,unknown,Flax Typhoon,china,unknown,unknown,https://www.ic3.gov/CSA/2026/261008.pdf,AI generated. IP address listed in Appendix A of joint advisory AA26-281A; first seen date used.,AI agent,medium
ip,45.76.169.12,2020-05-11,unknown,Flax Typhoon,china,unknown,unknown,https://www.ic3.gov/CSA/2026/261008.pdf,AI generated. IP address listed in Appendix A of joint advisory AA26-281A; first seen date used.,AI agent,medium
ip,45.77.195.169,2020-06-12,unknown,Flax Typhoon,china,unknown,unknown,https://www.ic3.gov/CSA/2026/261008.pdf,AI generated. IP address listed in Appendix A of joint advisory AA26-281A; first seen date used.,AI agent,medium
ip,45.32.61.246,2024-11-11,unknown,Flax Typhoon,china,unknown,unknown,https://www.ic3.gov/CSA/2026/261008.pdf,AI generated. IP address listed in Appendix A of joint advisory AA26-281A; first seen date used.,AI agent,medium
ip,45.77.231.209,2024-01-25,unknown,Flax Typhoon,china,unknown,unknown,https://www.ic3.gov/CSA/2026/261008.pdf,AI generated. IP address listed in Appendix A of joint advisory AA26-281A; first seen date used.,AI agent,medium
ip,45.76.37.168,2019-12-20,unknown,Flax Typhoon,china,unknown,unknown,https://www.ic3.gov/CSA/2026/261008.pdf,AI generated. IP address listed in Appendix A of joint advisory AA26-281A; first seen date used.,AI agent,medium
ip,45.63.59.121,2020-03-19,unknown,Flax Typhoon,china,unknown,unknown,https://www.ic3.gov/CSA/2026/261008.pdf,AI generated. IP address listed in Appendix A of joint advisory AA26-281A; first seen date used.,AI agent,medium
ip,45.77.11.47,2020-09-29,unknown,Flax Typhoon,china,unknown,unknown,https://www.ic3.gov/CSA/2026/261008.pdf,AI generated. IP address listed in Appendix A of joint advisory AA26-281A; first seen date used.,AI agent,medium
ip,45.32.84.223,2020-04-23,unknown,Flax Typhoon,china,unknown,unknown,https://www.ic3.gov/CSA/2026/261008.pdf,AI generated. IP address listed in Appendix A of joint advisory AA26-281A; first seen date used.,AI agent,medium
ip,45.63.62.217,2020-10-28,unknown,Flax Typhoon,china,unknown,unknown,https://www.ic3.gov/CSA/2026/261008.pdf,AI generated. IP address listed in Appendix A of joint advisory AA26-281A; first seen date used.,AI agent,medium
ip,45.63.48.36,2020-01-10,unknown,Flax Typhoon,china,unknown,unknown,https://www.ic3.gov/CSA/2026/261008.pdf,AI generated. IP address listed in Appendix A of joint advisory AA26-281A; first seen date used.,AI agent,medium
ip,45.76.43.37,2020-02-17,unknown,Flax Typhoon,china,unknown,unknown,https://www.ic3.gov/CSA/2026/261008.pdf,AI generated. IP address listed in Appendix A of joint advisory AA26-281A; first seen date used.,AI agent,medium
ip,45.76.66.19,2024-04-16,unknown,Flax Typhoon,china,unknown,unknown,https://www.ic3.gov/CSA/2026/261008.pdf,AI generated. IP address listed in Appendix A of joint advisory AA26-281A; first seen date used.,AI agent,medium
ip,45.76.243.67,2020-07-01,unknown,Flax Typhoon,china,unknown,unknown,https://www.ic3.gov/CSA/2026/261008.pdf,AI generated. IP address listed in Appendix A of joint advisory AA26-281A; first seen date used.,AI agent,medium
ip,45.63.17.9,2024-05-09,unknown,Flax Typhoon,china,unknown,unknown,https://www.ic3.gov/CSA/2026/261008.pdf,AI generated. IP address listed in Appendix A of joint advisory AA26-281A; first seen date used.,AI agent,medium
ip,45.77.28.77,2021-12-05,unknown,Flax Typhoon,china,unknown,unknown,https://www.ic3.gov/CSA/2026/261008.pdf,AI generated. IP address listed in Appendix A of joint advisory AA26-281A; first seen date used.,AI agent,medium
ip,45.76.194.89,2021-11-22,unknown,Flax Typhoon,china,unknown,unknown,https://www.ic3.gov/CSA/2026/261008.pdf,AI generated. IP address listed in Appendix A of joint advisory AA26-281A; first seen date used.,AI agent,medium
ip,45.76.37.85,2020-02-10,unknown,Flax Typhoon,china,unknown,unknown,https://www.ic3.gov/CSA/2026/261008.pdf,AI generated. IP address listed in Appendix A of joint advisory AA26-281A; first seen date used.,AI agent,medium
ip,45.63.95.62,2020-04-10,unknown,Flax Typhoon,china,unknown,unknown,https://www.ic3.gov/CSA/2026/261008.pdf,AI generated. IP address listed in Appendix A of joint advisory AA26-281A; first seen date used.,AI agent,medium
ip,45.63.94.71,2019-09-30,unknown,Flax Typhoon,china,unknown,unknown,https://www.ic3.gov/CSA/2026/261008.pdf,AI generated. IP address listed in Appendix A of joint advisory AA26-281A; first seen date used.,AI agent,medium
ip,45.77.86.70,2019-12-21,unknown,Flax Typhoon,china,unknown,unknown,https://www.ic3.gov/CSA/2026/261008.pdf,AI generated. IP address listed in Appendix A of joint advisory AA26-281A; first seen date used.,AI agent,medium
ip,49.93.136.14,2024-03-25,unknown,Flax Typhoon,china,unknown,unknown,https://www.ic3.gov/CSA/2026/261008.pdf,AI generated. IP address listed in Appendix A of joint advisory AA26-281A; first seen date used.,AI agent,medium
ip,49.93.184.194,2024-03-25,unknown,Flax Typhoon,china,unknown,unknown,https://www.ic3.gov/CSA/2026/261008.pdf,AI generated. IP address listed in Appendix A of joint advisory AA26-281A; first seen date used.,AI agent,medium
ip,59.120.144.153,2023-05-24,unknown,Flax Typhoon,china,unknown,unknown,https://www.ic3.gov/CSA/2026/261008.pdf,AI generated. IP address listed in Appendix A of joint advisory AA26-281A; first seen date used.,AI agent,medium
ip,59.124.120.178,2023-02-20,unknown,Flax Typhoon,china,unknown,unknown,https://www.ic3.gov/CSA/2026/261008.pdf,AI generated. IP address listed in Appendix A of joint advisory AA26-281A; first seen date used.,AI agent,medium
ip,59.120.167.25,2024-01-15,unknown,Flax Typhoon,china,unknown,unknown,https://www.ic3.gov/CSA/2026/261008.pdf,AI generated. IP address listed in Appendix A of joint advisory AA26-281A; first seen date used.,AI agent,medium
ip,59.125.128.54,2023-03-30,unknown,Flax Typhoon,china,unknown,unknown,https://www.ic3.gov/CSA/2026/261008.pdf,AI generated. IP address listed in Appendix A of joint advisory AA26-281A; first seen date used.,AI agent,medium
ip,59.120.58.176,2022-03-08,unknown,Flax Typhoon,china,unknown,unknown,https://www.ic3.gov/CSA/2026/261008.pdf,AI generated. IP address listed in Appendix A of joint advisory AA26-281A; first seen date used.,AI agent,medium
ip,60.250.199.112,2022-11-15,unknown,Flax Typhoon,china,unknown,unknown,https://www.ic3.gov/CSA/2026/261008.pdf,AI generated. IP address listed in Appendix A of joint advisory AA26-281A; first seen date used.,AI agent,medium
ip,60.250.146.19,2022-11-17,unknown,Flax Typhoon,china,unknown,unknown,https://www.ic3.gov/CSA/2026/261008.pdf,AI generated. IP address listed in Appendix A of joint advisory AA26-281A; first seen date used.,AI agent,medium
ip,60.251.155.19,2023-01-04,unknown,Flax Typhoon,china,unknown,unknown,https://www.ic3.gov/CSA/2026/261008.pdf,AI generated. IP address listed in Appendix A of joint advisory AA26-281A; first seen date used.,AI agent,medium
ip,60.248.152.204,2023-05-11,unknown,Flax Typhoon,china,unknown,unknown,https://www.ic3.gov/CSA/2026/261008.pdf,AI generated. IP address listed in Appendix A of joint advisory AA26-281A; first seen date used.,AI agent,medium
ip,59.120.82.67,2023-11-22,unknown,Flax Typhoon,china,unknown,unknown,https://www.ic3.gov/CSA/2026/261008.pdf,AI generated. IP address listed in Appendix A of joint advisory AA26-281A; first seen date used.,AI agent,medium
ip,60.184.242.224,2023-03-23,unknown,Flax Typhoon,china,unknown,unknown,https://www.ic3.gov/CSA/2026/261008.pdf,AI generated. IP address listed in Appendix A of joint advisory AA26-281A; first seen date used.,AI agent,medium
ip,60.251.205.37,2021-12-20,unknown,Flax Typhoon,china,unknown,unknown,https://www.ic3.gov/CSA/2026/261008.pdf,AI generated. IP address listed in Appendix A of joint advisory AA26-281A; first seen date used.,AI agent,medium
ip,60.220.43.193,2023-10-03,unknown,Flax Typhoon,china,unknown,unknown,https://www.ic3.gov/CSA/2026/261008.pdf,AI generated. IP address listed in Appendix A of joint advisory AA26-281A; first seen date used.,AI agent,medium
ip,60.251.58.145,2023-06-08,unknown,Flax Typhoon,china,unknown,unknown,https://www.ic3.gov/CSA/2026/261008.pdf,AI generated. IP address listed in Appendix A of joint advisory AA26-281A; first seen date used.,AI agent,medium
ip,60.248.1.64,2022-12-08,unknown,Flax Typhoon,china,unknown,unknown,https://www.ic3.gov/CSA/2026/261008.pdf,AI generated. IP address listed in Appendix A of joint advisory AA26-281A; first seen date used.,AI agent,medium
ip,60.251.201.8,2023-05-16,unknown,Flax Typhoon,china,unknown,unknown,https://www.ic3.gov/CSA/2026/261008.pdf,AI generated. IP address listed in Appendix A of joint advisory AA26-281A; first seen date used.,AI agent,medium
ip,60.248.88.151,2023-06-08,unknown,Flax Typhoon,china,unknown,unknown,https://www.ic3.gov/CSA/2026/261008.pdf,AI generated. IP address listed in Appendix A of joint advisory AA26-281A; first seen date used.,AI agent,medium
ip,60.248.110.97,2023-03-31,unknown,Flax Typhoon,china,unknown,unknown,https://www.ic3.gov/CSA/2026/261008.pdf,AI generated. IP address listed in Appendix A of joint advisory AA26-281A; first seen date used.,AI agent,medium
ip,60.249.239.86,2021-09-18,unknown,Flax Typhoon,china,unknown,unknown,https://www.ic3.gov/CSA/2026/261008.pdf,AI generated. IP address listed in Appendix A of joint advisory AA26-281A; first seen date used.,AI agent,medium
ip,61.220.112.137,2023-05-25,unknown,Flax Typhoon,china,unknown,unknown,https://www.ic3.gov/CSA/2026/261008.pdf,AI generated. IP address listed in Appendix A of joint advisory AA26-281A; first seen date used.,AI agent,medium
ip,60.220.84.41,2024-02-09,unknown,Flax Typhoon,china,unknown,unknown,https://www.ic3.gov/CSA/2026/261008.pdf,AI generated. IP address listed in Appendix A of joint advisory AA26-281A; first seen date used.,AI agent,medium
ip,61.247.165.27,2022-04-08,unknown,Flax Typhoon,china,unknown,unknown,https://www.ic3.gov/CSA/2026/261008.pdf,AI generated. IP address listed in Appendix A of joint advisory AA26-281A; first seen date used.,AI agent,medium
ip,60.220.84.63,2023-10-01,unknown,Flax Typhoon,china,unknown,unknown,https://www.ic3.gov/CSA/2026/261008.pdf,AI generated. IP address listed in Appendix A of joint advisory AA26-281A; first seen date used.,AI agent,medium
ip,61.220.35.15,2023-05-24,unknown,Flax Typhoon,china,unknown,unknown,https://www.ic3.gov/CSA/2026/261008.pdf,AI generated. IP address listed in Appendix A of joint advisory AA26-281A; first seen date used.,AI agent,medium
ip,61.221.55.4,2024-05-24,unknown,Flax Typhoon,china,unknown,unknown,https://www.ic3.gov/CSA/2026/261008.pdf,AI generated. IP address listed in Appendix A of joint advisory AA26-281A; first seen date used.,AI agent,medium
ip,61.222.245.73,2023-04-11,unknown,Flax Typhoon,china,unknown,unknown,https://www.ic3.gov/CSA/2026/261008.pdf,AI generated. IP address listed in Appendix A of joint advisory AA26-281A; first seen date used.,AI agent,medium
ip,61.219.118.99,2022-12-01,unknown,Flax Typhoon,china,unknown,unknown,https://www.ic3.gov/CSA/2026/261008.pdf,AI generated. IP address listed in Appendix A of joint advisory AA26-281A; first seen date used.,AI agent,medium
ip,61.216.74.97,2024-01-29,unknown,Flax Typhoon,china,unknown,unknown,https://www.ic3.gov/CSA/2026/261008.pdf,AI generated. IP address listed in Appendix A of joint advisory AA26-281A; first seen date used.,AI agent,medium
ip,64.176.38.35,2024-08-30,unknown,Flax Typhoon,china,unknown,unknown,https://www.ic3.gov/CSA/2026/261008.pdf,AI generated. IP address listed in Appendix A of joint advisory AA26-281A; first seen date used.,AI agent,medium
ip,65.20.97.251,2024-01-25,unknown,Flax Typhoon,china,unknown,unknown,https://www.ic3.gov/CSA/2026/261008.pdf,AI generated. IP address listed in Appendix A of joint advisory AA26-281A; first seen date used.,AI agent,medium
ip,66.42.103.188,2019-11-26,unknown,Flax Typhoon,china,unknown,unknown,https://www.ic3.gov/CSA/2026/261008.pdf,AI generated. IP address listed in Appendix A of joint advisory AA26-281A; first seen date used.,AI agent,medium
ip,66.42.42.109,2024-07-11,unknown,Flax Typhoon,china,unknown,unknown,https://www.ic3.gov/CSA/2026/261008.pdf,AI generated. IP address listed in Appendix A of joint advisory AA26-281A; first seen date used.,AI agent,medium
ip,66.42.40.189,2024-09-04,unknown,Flax Typhoon,china,unknown,unknown,https://www.ic3.gov/CSA/2026/261008.pdf,AI generated. IP address listed in Appendix A of joint advisory AA26-281A; first seen date used.,AI agent,medium
ip,66.42.36.236,2024-02-28,unknown,Flax Typhoon,china,unknown,unknown,https://www.ic3.gov/CSA/2026/261008.pdf,AI generated. IP address listed in Appendix A of joint advisory AA26-281A; first seen date used.,AI agent,medium
ip,66.42.60.242,2024-02-23,unknown,Flax Typhoon,china,unknown,unknown,https://www.ic3.gov/CSA/2026/261008.pdf,AI generated. IP address listed in Appendix A of joint advisory AA26-281A; first seen date used.,AI agent,medium
ip,66.42.77.138,2022-02-09,unknown,Flax Typhoon,china,unknown,unknown,https://www.ic3.gov/CSA/2026/261008.pdf,AI generated. IP address listed in Appendix A of joint advisory AA26-281A; first seen date used.,AI agent,medium
ip,77.111.226.5,2023-04-19,unknown,Flax Typhoon,china,unknown,unknown,https://www.ic3.gov/CSA/2026/261008.pdf,AI generated. IP address listed in Appendix A of joint advisory AA26-281A; first seen date used.,AI agent,medium
ip,78.141.221.241,2020-02-29,unknown,Flax Typhoon,china,unknown,unknown,https://www.ic3.gov/CSA/2026/261008.pdf,AI generated. IP address listed in Appendix A of joint advisory AA26-281A; first seen date used.,AI agent,medium
ip,78.141.238.97,2024-01-25,unknown,Flax Typhoon,china,unknown,unknown,https://www.ic3.gov/CSA/2026/261008.pdf,AI generated. IP address listed in Appendix A of joint advisory AA26-281A; first seen date used.,AI agent,medium
ip,84.17.57.40,2023-04-04,unknown,Flax Typhoon,china,unknown,unknown,https://www.ic3.gov/CSA/2026/261008.pdf,AI generated. IP address listed in Appendix A of joint advisory AA26-281A; first seen date used.,AI agent,medium
ip,89.187.163.216,2024-09-19,unknown,Flax Typhoon,china,unknown,unknown,https://www.ic3.gov/CSA/2026/261008.pdf,AI generated. IP address listed in Appendix A of joint advisory AA26-281A; first seen date used.,AI agent,medium
ip,95.179.189.106,2020-06-04,unknown,Flax Typhoon,china,unknown,unknown,https://www.ic3.gov/CSA/2026/261008.pdf,AI generated. IP address listed in Appendix A of joint advisory AA26-281A; first seen date used.,AI agent,medium
ip,95.179.235.135,2021-01-27,unknown,Flax Typhoon,china,unknown,unknown,https://www.ic3.gov/CSA/2026/261008.pdf,AI generated. IP address listed in Appendix A of joint advisory AA26-281A; first seen date used.,AI agent,medium
ip,95.179.186.251,2021-02-02,unknown,Flax Typhoon,china,unknown,unknown,https://www.ic3.gov/CSA/2026/261008.pdf,AI generated. IP address listed in Appendix A of joint advisory AA26-281A; first seen date used.,AI agent,medium
ip,98.159.37.4,2024-07-04,unknown,Flax Typhoon,china,unknown,unknown,https://www.ic3.gov/CSA/2026/261008.pdf,AI generated. IP address listed in Appendix A of joint advisory AA26-281A; first seen date used.,AI agent,medium
ip,103.107.198.117,2023-09-26,unknown,Flax Typhoon,china,unknown,unknown,https://www.ic3.gov/CSA/2026/261008.pdf,AI generated. IP address listed in Appendix A of joint advisory AA26-281A; first seen date used.,AI agent,medium
ip,103.16.231.220,2022-03-07,unknown,Flax Typhoon,china,unknown,unknown,https://www.ic3.gov/CSA/2026/261008.pdf,AI generated. IP address listed in Appendix A of joint advisory AA26-281A; first seen date used.,AI agent,medium
ip,103.16.231.254,2022-11-09,unknown,Flax Typhoon,china,unknown,unknown,https://www.ic3.gov/CSA/2026/261008.pdf,AI generated. IP address listed in Appendix A of joint advisory AA26-281A; first seen date used.,AI agent,medium
ip,103.233.253.197,2023-03-19,unknown,Flax Typhoon,china,unknown,unknown,https://www.ic3.gov/CSA/2026/261008.pdf,AI generated. IP address listed in Appendix A of joint advisory AA26-281A; first seen date used.,AI agent,medium
ip,103.25.254.210,2019-10-28,unknown,Flax Typhoon,china,unknown,unknown,https://www.ic3.gov/CSA/2026/261008.pdf,AI generated. IP address listed in Appendix A of joint advisory AA26-281A; first seen date used.,AI agent,medium
ip,103.149.200.44,2023-04-25,unknown,Flax Typhoon,china,unknown,unknown,https://www.ic3.gov/CSA/2026/261008.pdf,AI generated. IP address listed in Appendix A of joint advisory AA26-281A; first seen date used.,AI agent,medium
ip,103.179.45.203,2024-09-23,unknown,Flax Typhoon,china,unknown,unknown,https://www.ic3.gov/CSA/2026/261008.pdf,AI generated. IP address listed in Appendix A of joint advisory AA26-281A; first seen date used.,AI agent,medium
ip,103.73.160.232,2023-03-17,unknown,Flax Typhoon,china,unknown,unknown,https://www.ic3.gov/CSA/2026/261008.pdf,AI generated. IP address listed in Appendix A of joint advisory AA26-281A; first seen date used.,AI agent,medium
ip,103.77.211.193,2024-05-08,unknown,Flax Typhoon,china,unknown,unknown,https://www.ic3.gov/CSA/2026/261008.pdf,AI generated. IP address listed in Appendix A of joint advisory AA26-281A; first seen date used.,AI agent,medium
ip,103.106.230.88,2024-06-25,unknown,Flax Typhoon,china,unknown,unknown,https://www.ic3.gov/CSA/2026/261008.pdf,AI generated. IP address listed in Appendix A of joint advisory AA26-281A; first seen date used.,AI agent,medium
ip,103.172.80.35,2022-11-26,unknown,Flax Typhoon,china,unknown,unknown,https://www.ic3.gov/CSA/2026/261008.pdf,AI generated. IP address listed in Appendix A of joint advisory AA26-281A; first seen date used.,AI agent,medium
ip,104.238.149.146,2020-03-06,unknown,Flax Typhoon,china,unknown,unknown,https://www.ic3.gov/CSA/2026/261008.pdf,AI generated. IP address listed in Appendix A of joint advisory AA26-281A; first seen date used.,AI agent,medium
ip,104.238.182.153,2020-06-24,unknown,Flax Typhoon,china,unknown,unknown,https://www.ic3.gov/CSA/2026/261008.pdf,AI generated. IP address listed in Appendix A of joint advisory AA26-281A; first seen date used.,AI agent,medium
ip,104.238.152.209,2022-02-24,unknown,Flax Typhoon,china,unknown,unknown,https://www.ic3.gov/CSA/2026/261008.pdf,AI generated. IP address listed in Appendix A of joint advisory AA26-281A; first seen date used.,AI agent,medium
ip,103.51.145.98,2023-04-26,unknown,Flax Typhoon,china,unknown,unknown,https://www.ic3.gov/CSA/2026/261008.pdf,AI generated. IP address listed in Appendix A of joint advisory AA26-281A; first seen date used.,AI agent,medium
ip,103.73.162.99,2023-03-17,unknown,Flax Typhoon,china,unknown,unknown,https://www.ic3.gov/CSA/2026/261008.pdf,AI generated. IP address listed in Appendix A of joint advisory AA26-281A; first seen date used.,AI agent,medium
ip,104.156.231.98,2020-05-29,unknown,Flax Typhoon,china,unknown,unknown,https://www.ic3.gov/CSA/2026/261008.pdf,AI generated. IP address listed in Appendix A of joint advisory AA26-281A; first seen date used.,AI agent,medium
ip,106.53.181.231,2024-05-31,unknown,Flax Typhoon,china,unknown,unknown,https://www.ic3.gov/CSA/2026/261008.pdf,AI generated. IP address listed in Appendix A of joint advisory AA26-281A; first seen date used.,AI agent,medium
ip,106.122.171.92,2024-01-31,unknown,Flax Typhoon,china,unknown,unknown,https://www.ic3.gov/CSA/2026/261008.pdf,AI generated. IP address listed in Appendix A of joint advisory AA26-281A; first seen date used.,AI agent,medium
ip,108.61.181.104,2024-07-11,unknown,Flax Typhoon,china,unknown,unknown,https://www.ic3.gov/CSA/2026/261008.pdf,AI generated. IP address listed in Appendix A of joint advisory AA26-281A; first seen date used.,AI agent,medium
ip,108.61.177.81,2024-01-25,unknown,Flax Typhoon,china,unknown,unknown,https://www.ic3.gov/CSA/2026/261008.pdf,AI generated. IP address listed in Appendix A of joint advisory AA26-281A; first seen date used.,AI agent,medium
ip,110.42.10.148,2021-04-10,unknown,Flax Typhoon,china,unknown,unknown,https://www.ic3.gov/CSA/2026/261008.pdf,AI generated. IP address listed in Appendix A of joint advisory AA26-281A; first seen date used.,AI agent,medium
ip,110.85.170.125,2020-02-10,unknown,Flax Typhoon,china,unknown,unknown,https://www.ic3.gov/CSA/2026/261008.pdf,AI generated. IP address listed in Appendix A of joint advisory AA26-281A; first seen date used.,AI agent,medium
ip,111.203.153.245,2023-11-05,unknown,Flax Typhoon,china,unknown,unknown,https://www.ic3.gov/CSA/2026/261008.pdf,AI generated. IP address listed in Appendix A of joint advisory AA26-281A; first seen date used.,AI agent,medium
ip,110.74.172.80,2021-10-29,unknown,Flax Typhoon,china,unknown,unknown,https://www.ic3.gov/CSA/2026/261008.pdf,AI generated. IP address listed in Appendix A of joint advisory AA26-281A; first seen date used.,AI agent,medium
ip,111.55.138.141,2024-07-04,unknown,Flax Typhoon,china,unknown,unknown,https://www.ic3.gov/CSA/2026/261008.pdf,AI generated. IP address listed in Appendix A of joint advisory AA26-281A; first seen date used.,AI agent,medium
ip,111.55.137.40,2024-07-05,unknown,Flax Typhoon,china,unknown,unknown,https://www.ic3.gov/CSA/2026/261008.pdf,AI generated. IP address listed in Appendix A of joint advisory AA26-281A; first seen date used.,AI agent,medium
ip,111.203.153.95,2023-11-05,unknown,Flax Typhoon,china,unknown,unknown,https://www.ic3.gov/CSA/2026/261008.pdf,AI generated. IP address listed in Appendix A of joint advisory AA26-281A; first seen date used.,AI agent,medium
ip,112.5.168.102,2022-02-21,unknown,Flax Typhoon,china,unknown,unknown,https://www.ic3.gov/CSA/2026/261008.pdf,AI generated. IP address listed in Appendix A of joint advisory AA26-281A; first seen date used.,AI agent,medium
ip,112.5.168.104,2021-03-29,unknown,Flax Typhoon,china,unknown,unknown,https://www.ic3.gov/CSA/2026/261008.pdf,AI generated. IP address listed in Appendix A of joint advisory AA26-281A; first seen date used.,AI agent,medium
ip,112.5.145.154,2023-06-29,unknown,Flax Typhoon,china,unknown,unknown,https://www.ic3.gov/CSA/2026/261008.pdf,AI generated. IP address listed in Appendix A of joint advisory AA26-281A; first seen date used.,AI agent,medium
ip,112.5.143.161,2023-06-27,unknown,Flax Typhoon,china,unknown,unknown,https://www.ic3.gov/CSA/2026/261008.pdf,AI generated. IP address listed in Appendix A of joint advisory AA26-281A; first seen date used.,AI agent,medium
ip,112.5.168.138,2022-04-24,unknown,Flax Typhoon,china,unknown,unknown,https://www.ic3.gov/CSA/2026/261008.pdf,AI generated. IP address listed in Appendix A of joint advisory AA26-281A; first seen date used.,AI agent,medium
ip,112.5.168.151,2023-07-20,unknown,Flax Typhoon,china,unknown,unknown,https://www.ic3.gov/CSA/2026/261008.pdf,AI generated. IP address listed in Appendix A of joint advisory AA26-281A; first seen date used.,AI agent,medium
ip,112.5.168.160,2023-10-31,unknown,Flax Typhoon,china,unknown,unknown,https://www.ic3.gov/CSA/2026/261008.pdf,AI generated. IP address listed in Appendix A of joint advisory AA26-281A; first seen date used.,AI agent,medium
ip,112.54.132.162,2023-07-03,unknown,Flax Typhoon,china,unknown,unknown,https://www.ic3.gov/CSA/2026/261008.pdf,AI generated. IP address listed in Appendix A of joint advisory AA26-281A; first seen date used.,AI agent,medium
ip,112.5.168.187,2021-08-27,unknown,Flax Typhoon,china,unknown,unknown,https://www.ic3.gov/CSA/2026/261008.pdf,AI generated. IP address listed in Appendix A of joint advisory AA26-281A; first seen date used.,AI agent,medium
ip,112.5.168.218,2023-08-31,unknown,Flax Typhoon,china,unknown,unknown,https://www.ic3.gov/CSA/2026/261008.pdf,AI generated. IP address listed in Appendix A of joint advisory AA26-281A; first seen date used.,AI agent,medium
ip,112.5.168.231,2023-08-16,unknown,Flax Typhoon,china,unknown,unknown,https://www.ic3.gov/CSA/2026/261008.pdf,AI generated. IP address listed in Appendix A of joint advisory AA26-281A; first seen date used.,AI agent,medium
ip,112.5.168.234,2023-06-05,unknown,Flax Typhoon,china,unknown,unknown,https://www.ic3.gov/CSA/2026/261008.pdf,AI generated. IP address listed in Appendix A of joint advisory AA26-281A; first seen date used.,AI agent,medium
ip,112.5.168.238,2023-04-06,unknown,Flax Typhoon,china,unknown,unknown,https://www.ic3.gov/CSA/2026/261008.pdf,AI generated. IP address listed in Appendix A of joint advisory AA26-281A; first seen date used.,AI agent,medium
ip,112.51.26.151,2023-06-26,unknown,Flax Typhoon,china,unknown,unknown,https://www.ic3.gov/CSA/2026/261008.pdf,AI generated. IP address listed in Appendix A of joint advisory AA26-281A; first seen date used.,AI agent,medium
ip,112.66.108.16,2023-08-14,unknown,Flax Typhoon,china,unknown,unknown,https://www.ic3.gov/CSA/2026/261008.pdf,AI generated. IP address listed in Appendix A of joint advisory AA26-281A; first seen date used.,AI agent,medium
ip,112.5.168.29,2021-11-11,unknown,Flax Typhoon,china,unknown,unknown,https://www.ic3.gov/CSA/2026/261008.pdf,AI generated. IP address listed in Appendix A of joint advisory AA26-281A; first seen date used.,AI agent,medium
ip,112.51.44.102,2023-07-10,unknown,Flax Typhoon,china,unknown,unknown,https://www.ic3.gov/CSA/2026/261008.pdf,AI generated. IP address listed in Appendix A of joint advisory AA26-281A; first seen date used.,AI agent,medium
ip,112.51.44.142,2023-06-16,unknown,Flax Typhoon,china,unknown,unknown,https://www.ic3.gov/CSA/2026/261008.pdf,AI generated. IP address listed in Appendix A of joint advisory AA26-281A; first seen date used.,AI agent,medium
ip,112.51.44.143,2023-11-21,unknown,Flax Typhoon,china,unknown,unknown,https://www.ic3.gov/CSA/2026/261008.pdf,AI generated. IP address listed in Appendix A of joint advisory AA26-281A; first seen date used.,AI agent,medium
ip,112.51.44.188,2022-12-15,unknown,Flax Typhoon,china,unknown,unknown,https://www.ic3.gov/CSA/2026/261008.pdf,AI generated. IP address listed in Appendix A of joint advisory AA26-281A; first seen date used.,AI agent,medium
ip,112.51.44.189,2023-12-04,unknown,Flax Typhoon,china,unknown,unknown,https://www.ic3.gov/CSA/2026/261008.pdf,AI generated. IP address listed in Appendix A of joint advisory AA26-281A; first seen date used.,AI agent,medium
ip,112.51.44.20,2023-11-27,unknown,Flax Typhoon,china,unknown,unknown,https://www.ic3.gov/CSA/2026/261008.pdf,AI generated. IP address listed in Appendix A of joint advisory AA26-281A; first seen date used.,AI agent,medium
ip,112.51.44.206,2023-09-06,unknown,Flax Typhoon,china,unknown,unknown,https://www.ic3.gov/CSA/2026/261008.pdf,AI generated. IP address listed in Appendix A of joint advisory AA26-281A; first seen date used.,AI agent,medium
ip,112.51.44.217,2022-08-06,unknown,Flax Typhoon,china,unknown,unknown,https://www.ic3.gov/CSA/2026/261008.pdf,AI generated. IP address listed in Appendix A of joint advisory AA26-281A; first seen date used.,AI agent,medium
ip,112.51.44.234,2022-04-24,unknown,Flax Typhoon,china,unknown,unknown,https://www.ic3.gov/CSA/2026/261008.pdf,AI generated. IP address listed in Appendix A of joint advisory AA26-281A; first seen date used.,AI agent,medium
ip,112.5.168.65,2022-03-18,unknown,Flax Typhoon,china,unknown,unknown,https://www.ic3.gov/CSA/2026/261008.pdf,AI generated. IP address listed in Appendix A of joint advisory AA26-281A; first seen date used.,AI agent,medium
ip,112.51.44.37,2023-07-21,unknown,Flax Typhoon,china,unknown,unknown,https://www.ic3.gov/CSA/2026/261008.pdf,AI generated. IP address listed in Appendix A of joint advisory AA26-281A; first seen date used.,AI agent,medium
ip,112.80.50.138,2024-06-05,unknown,Flax Typhoon,china,unknown,unknown,https://www.ic3.gov/CSA/2026/261008.pdf,AI generated. IP address listed in Appendix A of joint advisory AA26-281A; first seen date used.,AI agent,medium
ip,112.51.44.57,2023-07-04,unknown,Flax Typhoon,china,unknown,unknown,https://www.ic3.gov/CSA/2026/261008.pdf,AI generated. IP address listed in Appendix A of joint advisory AA26-281A; first seen date used.,AI agent,medium
ip,112.5.168.93,2020-03-26,unknown,Flax Typhoon,china,unknown,unknown,https://www.ic3.gov/CSA/2026/261008.pdf,AI generated. IP address listed in Appendix A of joint advisory AA26-281A; first seen date used.,AI agent,medium
ip,113.76.136.171,2023-03-23,unknown,Flax Typhoon,china,unknown,unknown,https://www.ic3.gov/CSA/2026/261008.pdf,AI generated. IP address listed in Appendix A of joint advisory AA26-281A; first seen date used.,AI agent,medium
ip,114.246.237.111,2024-06-04,unknown,Flax Typhoon,china,unknown,unknown,https://www.ic3.gov/CSA/2026/261008.pdf,AI generated. IP address listed in Appendix A of joint advisory AA26-281A; first seen date used.,AI agent,medium
ip,114.255.70.18,2022-06-30,unknown,Flax Typhoon,china,unknown,unknown,https://www.ic3.gov/CSA/2026/261008.pdf,AI generated. IP address listed in Appendix A of joint advisory AA26-281A; first seen date used.,AI agent,medium
ip,114.255.70.20,2023-09-24,unknown,Flax Typhoon,china,unknown,unknown,https://www.ic3.gov/CSA/2026/261008.pdf,AI generated. IP address listed in Appendix A of joint advisory AA26-281A; first seen date used.,AI agent,medium
ip,114.255.70.30,2023-05-26,unknown,Flax Typhoon,china,unknown,unknown,https://www.ic3.gov/CSA/2026/261008.pdf,AI generated. IP address listed in Appendix A of joint advisory AA26-281A; first seen date used.,AI agent,medium
ip,114.246.93.103,2023-04-18,unknown,Flax Typhoon,china,unknown,unknown,https://www.ic3.gov/CSA/2026/261008.pdf,AI generated. IP address listed in Appendix A of joint advisory AA26-281A; first seen date used.,AI agent,medium
ip,114.246.94.102,2023-11-19,unknown,Flax Typhoon,china,unknown,unknown,https://www.ic3.gov/CSA/2026/261008.pdf,AI generated. IP address listed in Appendix A of joint advisory AA26-281A; first seen date used.,AI agent,medium
ip,114.35.122.83,2024-03-28,unknown,Flax Typhoon,china,unknown,unknown,https://www.ic3.gov/CSA/2026/261008.pdf,AI generated. IP address listed in Appendix A of joint advisory AA26-281A; first seen date used.,AI agent,medium
ip,114.246.94.154,2024-06-09,unknown,Flax Typhoon,china,unknown,unknown,https://www.ic3.gov/CSA/2026/261008.pdf,AI generated. IP address listed in Appendix A of joint advisory AA26-281A; first seen date used.,AI agent,medium
ip,114.246.92.58,2023-06-08,unknown,Flax Typhoon,china,unknown,unknown,https://www.ic3.gov/CSA/2026/261008.pdf,AI generated. IP address listed in Appendix A of joint advisory AA26-281A; first seen date used.,AI agent,medium
ip,114.246.92.71,2023-08-23,unknown,Flax Typhoon,china,unknown,unknown,https://www.ic3.gov/CSA/2026/261008.pdf,AI generated. IP address listed in Appendix A of joint advisory AA26-281A; first seen date used.,AI agent,medium
ip,117.133.51.176,2024-03-21,unknown,Flax Typhoon,china,unknown,unknown,https://www.ic3.gov/CSA/2026/261008.pdf,AI generated. IP address listed in Appendix A of joint advisory AA26-281A; first seen date used.,AI agent,medium
ip,117.61.244.135,2020-10-15,unknown,Flax Typhoon,china,unknown,unknown,https://www.ic3.gov/CSA/2026/261008.pdf,AI generated. IP address listed in Appendix A of joint advisory AA26-281A; first seen date used.,AI agent,medium
ip,117.56.214.246,2023-06-08,unknown,Flax Typhoon,china,unknown,unknown,https://www.ic3.gov/CSA/2026/261008.pdf,AI generated. IP address listed in Appendix A of joint advisory AA26-281A; first seen date used.,AI agent,medium
ip,117.132.198.70,2024-07-05,unknown,Flax Typhoon,china,unknown,unknown,https://www.ic3.gov/CSA/2026/261008.pdf,AI generated. IP address listed in Appendix A of joint advisory AA26-281A; first seen date used.,AI agent,medium
ip,117.92.127.132,2023-03-24,unknown,Flax Typhoon,china,unknown,unknown,https://www.ic3.gov/CSA/2026/261008.pdf,AI generated. IP address listed in Appendix A of joint advisory AA26-281A; first seen date used.,AI agent,medium
ip,117.130.201.90,2024-03-21,unknown,Flax Typhoon,china,unknown,unknown,https://www.ic3.gov/CSA/2026/261008.pdf,AI generated. IP address listed in Appendix A of joint advisory AA26-281A; first seen date used.,AI agent,medium
ip,118.163.217.199,2024-03-12,unknown,Flax Typhoon,china,unknown,unknown,https://www.ic3.gov/CSA/2026/261008.pdf,AI generated. IP address listed in Appendix A of joint advisory AA26-281A; first seen date used.,AI agent,medium
ip,118.163.197.241,2023-05-12,unknown,Flax Typhoon,china,unknown,unknown,https://www.ic3.gov/CSA/2026/261008.pdf,AI generated. IP address listed in Appendix A of joint advisory AA26-281A; first seen date used.,AI agent,medium
ip,118.163.31.226,2024-05-16,unknown,Flax Typhoon,china,unknown,unknown,https://www.ic3.gov/CSA/2026/261008.pdf,AI generated. IP address listed in Appendix A of joint advisory AA26-281A; first seen date used.,AI agent,medium
ip,118.163.104.67,2024-03-11,unknown,Flax Typhoon,china,unknown,unknown,https://www.ic3.gov/CSA/2026/261008.pdf,AI generated. IP address listed in Appendix A of joint advisory AA26-281A; first seen date used.,AI agent,medium
ip,118.163.142.80,2024-03-20,unknown,Flax Typhoon,china,unknown,unknown,https://www.ic3.gov/CSA/2026/261008.pdf,AI generated. IP address listed in Appendix A of joint advisory AA26-281A; first seen date used.,AI agent,medium
ip,118.163.3.76,2024-03-18,unknown,Flax Typhoon,china,unknown,unknown,https://www.ic3.gov/CSA/2026/261008.pdf,AI generated. IP address listed in Appendix A of joint advisory AA26-281A; first seen date used.,AI agent,medium
ip,119.116.159.217,2023-03-24,unknown,Flax Typhoon,china,unknown,unknown,https://www.ic3.gov/CSA/2026/261008.pdf,AI generated. IP address listed in Appendix A of joint advisory AA26-281A; first seen date used.,AI agent,medium
ip,119.13.79.145,2023-03-20,unknown,Flax Typhoon,china,unknown,unknown,https://www.ic3.gov/CSA/2026/261008.pdf,AI generated. IP address listed in Appendix A of joint advisory AA26-281A; first seen date used.,AI agent,medium
ip,120.233.10.212,2022-04-02,unknown,Flax Typhoon,china,unknown,unknown,https://www.ic3.gov/CSA/2026/261008.pdf,AI generated. IP address listed in Appendix A of joint advisory AA26-281A; first seen date used.,AI agent,medium
ip,120.36.251.100,2023-12-21,unknown,Flax Typhoon,china,unknown,unknown,https://www.ic3.gov/CSA/2026/261008.pdf,AI generated. IP address listed in Appendix A of joint advisory AA26-281A; first seen date used.,AI agent,medium
ip,120.36.248.104,2024-01-02,unknown,Flax Typhoon,china,unknown,unknown,https://www.ic3.gov/CSA/2026/261008.pdf,AI generated. IP address listed in Appendix A of joint advisory AA26-281A; first seen date used.,AI agent,medium
ip,120.42.128.165,2023-03-19,unknown,Flax Typhoon,china,unknown,unknown,https://www.ic3.gov/CSA/2026/261008.pdf,AI generated. IP address listed in Appendix A of joint advisory AA26-281A; first seen date used.,AI agent,medium
ip,120.36.250.103,2023-10-20,unknown,Flax Typhoon,china,unknown,unknown,https://www.ic3.gov/CSA/2026/261008.pdf,AI generated. IP address listed in Appendix A of joint advisory AA26-281A; first seen date used.,AI agent,medium
ip,120.36.254.100,2021-08-19,unknown,Flax Typhoon,china,unknown,unknown,https://www.ic3.gov/CSA/2026/261008.pdf,AI generated. IP address listed in Appendix A of joint advisory AA26-281A; first seen date used.,AI agent,medium
ip,120.36.248.109,2021-05-11,unknown,Flax Typhoon,china,unknown,unknown,https://www.ic3.gov/CSA/2026/261008.pdf,AI generated. IP address listed in Appendix A of joint advisory AA26-281A; first seen date used.,AI agent,medium
ip,120.36.253.106,2023-01-12,unknown,Flax Typhoon,china,unknown,unknown,https://www.ic3.gov/CSA/2026/261008.pdf,AI generated. IP address listed in Appendix A of joint advisory AA26-281A; first seen date used.,AI agent,medium
ip,120.36.255.105,2021-10-29,unknown,Flax Typhoon,china,unknown,unknown,https://www.ic3.gov/CSA/2026/261008.pdf,AI generated. IP address listed in Appendix A of joint advisory AA26-281A; first seen date used.,AI agent,medium
ip,120.36.251.110,2024-03-07,unknown,Flax Typhoon,china,unknown,unknown,https://www.ic3.gov/CSA/2026/261008.pdf,AI generated. IP address listed in Appendix A of joint advisory AA26-281A; first seen date used.,AI agent,medium
ip,120.36.251.11,2024-06-12,unknown,Flax Typhoon,china,unknown,unknown,https://www.ic3.gov/CSA/2026/261008.pdf,AI generated. IP address listed in Appendix A of joint advisory AA26-281A; first seen date used.,AI agent,medium
ip,120.36.249.114,2022-03-07,unknown,Flax Typhoon,china,unknown,unknown,https://www.ic3.gov/CSA/2026/261008.pdf,AI generated. IP address listed in Appendix A of joint advisory AA26-281A; first seen date used.,AI agent,medium
ip,120.36.251.114,2024-01-04,unknown,Flax Typhoon,china,unknown,unknown,https://www.ic3.gov/CSA/2026/261008.pdf,AI generated. IP address listed in Appendix A of joint advisory AA26-281A; first seen date used.,AI agent,medium
ip,120.36.254.112,2022-12-26,unknown,Flax Typhoon,china,unknown,unknown,https://www.ic3.gov/CSA/2026/261008.pdf,AI generated. IP address listed in Appendix A of joint advisory AA26-281A; first seen date used.,AI agent,medium
ip,120.36.249.121,2024-06-19,unknown,Flax Typhoon,china,unknown,unknown,https://www.ic3.gov/CSA/2026/261008.pdf,AI generated. IP address listed in Appendix A of joint advisory AA26-281A; first seen date used.,AI agent,medium
ip,120.36.249.122,2022-09-28,unknown,Flax Typhoon,china,unknown,unknown,https://www.ic3.gov/CSA/2026/261008.pdf,AI generated. IP address listed in Appendix A of joint advisory AA26-281A; first seen date used.,AI agent,medium
ip,120.36.254.119,2021-08-19,unknown,Flax Typhoon,china,unknown,unknown,https://www.ic3.gov/CSA/2026/261008.pdf,AI generated. IP address listed in Appendix A of joint advisory AA26-281A; first seen date used.,AI agent,medium
ip,120.36.254.120,2023-10-25,unknown,Flax Typhoon,china,unknown,unknown,https://www.ic3.gov/CSA/2026/261008.pdf,AI generated. IP address listed in Appendix A of joint advisory AA26-281A; first seen date used.,AI agent,medium
ip,120.36.249.127,2023-02-10,unknown,Flax Typhoon,china,unknown,unknown,https://www.ic3.gov/CSA/2026/261008.pdf,AI generated. IP address listed in Appendix A of joint advisory AA26-281A; first seen date used.,AI agent,medium
ip,120.36.251.130,2021-10-18,unknown,Flax Typhoon,china,unknown,unknown,https://www.ic3.gov/CSA/2026/261008.pdf,AI generated. IP address listed in Appendix A of joint advisory AA26-281A; first seen date used.,AI agent,medium
ip,120.36.255.127,2022-08-05,unknown,Flax Typhoon,china,unknown,unknown,https://www.ic3.gov/CSA/2026/261008.pdf,AI generated. IP address listed in Appendix A of joint advisory AA26-281A; first seen date used.,AI agent,medium
ip,120.36.252.13,2023-03-31,unknown,Flax Typhoon,china,unknown,unknown,https://www.ic3.gov/CSA/2026/261008.pdf,AI generated. IP address listed in Appendix A of joint advisory AA26-281A; first seen date used.,AI agent,medium
ip,120.36.250.133,2022-07-11,unknown,Flax Typhoon,china,unknown,unknown,https://www.ic3.gov/CSA/2026/261008.pdf,AI generated. IP address listed in Appendix A of joint advisory AA26-281A; first seen date used.,AI agent,medium
ip,120.36.250.134,2021-07-15,unknown,Flax Typhoon,china,unknown,unknown,https://www.ic3.gov/CSA/2026/261008.pdf,AI generated. IP address listed in Appendix A of joint advisory AA26-281A; first seen date used.,AI agent,medium
ip,120.36.250.135,2022-02-25,unknown,Flax Typhoon,china,unknown,unknown,https://www.ic3.gov/CSA/2026/261008.pdf,AI generated. IP address listed in Appendix A of joint advisory AA26-281A; first seen date used.,AI agent,medium
ip,120.36.254.131,2023-06-30,unknown,Flax Typhoon,china,unknown,unknown,https://www.ic3.gov/CSA/2026/261008.pdf,AI generated. IP address listed in Appendix A of joint advisory AA26-281A; first seen date used.,AI agent,medium
ip,120.36.254.135,2021-08-27,unknown,Flax Typhoon,china,unknown,unknown,https://www.ic3.gov/CSA/2026/261008.pdf,AI generated. IP address listed in Appendix A of joint advisory AA26-281A; first seen date used.,AI agent,medium
ip,120.36.251.141,2022-12-13,unknown,Flax Typhoon,china,unknown,unknown,https://www.ic3.gov/CSA/2026/261008.pdf,AI generated. IP address listed in Appendix A of joint advisory AA26-281A; first seen date used.,AI agent,medium
ip,120.36.250.142,2024-01-12,unknown,Flax Typhoon,china,unknown,unknown,https://www.ic3.gov/CSA/2026/261008.pdf,AI generated. IP address listed in Appendix A of joint advisory AA26-281A; first seen date used.,AI agent,medium
ip,120.41.125.225,2023-07-11,unknown,Flax Typhoon,china,unknown,unknown,https://www.ic3.gov/CSA/2026/261008.pdf,AI generated. IP address listed in Appendix A of joint advisory AA26-281A; first seen date used.,AI agent,medium
ip,120.36.253.148,2021-08-05,unknown,Flax Typhoon,china,unknown,unknown,https://www.ic3.gov/CSA/2026/261008.pdf,AI generated. IP address listed in Appendix A of joint advisory AA26-281A; first seen date used.,AI agent,medium
ip,120.36.250.152,2024-05-23,unknown,Flax Typhoon,china,unknown,unknown,https://www.ic3.gov/CSA/2026/261008.pdf,AI generated. IP address listed in Appendix A of joint advisory AA26-281A; first seen date used.,AI agent,medium
ip,120.36.252.151,2023-11-15,unknown,Flax Typhoon,china,unknown,unknown,https://www.ic3.gov/CSA/2026/261008.pdf,AI generated. IP address listed in Appendix A of joint advisory AA26-281A; first seen date used.,AI agent,medium
ip,120.36.253.152,2021-04-12,unknown,Flax Typhoon,china,unknown,unknown,https://www.ic3.gov/CSA/2026/261008.pdf,AI generated. IP address listed in Appendix A of joint advisory AA26-281A; first seen date used.,AI agent,medium
ip,120.36.254.151,2024-03-21,unknown,Flax Typhoon,china,unknown,unknown,https://www.ic3.gov/CSA/2026/261008.pdf,AI generated. IP address listed in Appendix A of joint advisory AA26-281A; first seen date used.,AI agent,medium
ip,120.36.255.153,2023-09-25,unknown,Flax Typhoon,china,unknown,unknown,https://www.ic3.gov/CSA/2026/261008.pdf,AI generated. IP address listed in Appendix A of joint advisory AA26-281A; first seen date used.,AI agent,medium
ip,120.36.252.157,2023-01-28,unknown,Flax Typhoon,china,unknown,unknown,https://www.ic3.gov/CSA/2026/261008.pdf,AI generated. IP address listed in Appendix A of joint advisory AA26-281A; first seen date used.,AI agent,medium
ip,120.37.162.246,2023-03-21,unknown,Flax Typhoon,china,unknown,unknown,https://www.ic3.gov/CSA/2026/261008.pdf,AI generated. IP address listed in Appendix A of joint advisory AA26-281A; first seen date used.,AI agent,medium
ip,120.36.252.166,2024-09-06,unknown,Flax Typhoon,china,unknown,unknown,https://www.ic3.gov/CSA/2026/261008.pdf,AI generated. IP address listed in Appendix A of joint advisory AA26-281A; first seen date used.,AI agent,medium
ip,120.36.249.172,2022-10-17,unknown,Flax Typhoon,china,unknown,unknown,https://www.ic3.gov/CSA/2026/261008.pdf,AI generated. IP address listed in Appendix A of joint advisory AA26-281A; first seen date used.,AI agent,medium
ip,120.36.253.169,2021-12-10,unknown,Flax Typhoon,china,unknown,unknown,https://www.ic3.gov/CSA/2026/261008.pdf,AI generated. IP address listed in Appendix A of joint advisory AA26-281A; first seen date used.,AI agent,medium
ip,120.36.252.175,2023-02-23,unknown,Flax Typhoon,china,unknown,unknown,https://www.ic3.gov/CSA/2026/261008.pdf,AI generated. IP address listed in Appendix A of joint advisory AA26-281A; first seen date used.,AI agent,medium
ip,120.36.254.175,2022-05-31,unknown,Flax Typhoon,china,unknown,unknown,https://www.ic3.gov/CSA/2026/261008.pdf,AI generated. IP address listed in Appendix A of joint advisory AA26-281A; first seen date used.,AI agent,medium
ip,120.36.251.179,2021-05-17,unknown,Flax Typhoon,china,unknown,unknown,https://www.ic3.gov/CSA/2026/261008.pdf,AI generated. IP address listed in Appendix A of joint advisory AA26-281A; first seen date used.,AI agent,medium
ip,120.36.253.178,2021-04-28,unknown,Flax Typhoon,china,unknown,unknown,https://www.ic3.gov/CSA/2026/261008.pdf,AI generated. IP address listed in Appendix A of joint advisory AA26-281A; first seen date used.,AI agent,medium
ip,120.36.252.18,2024-05-09,unknown,Flax Typhoon,china,unknown,unknown,https://www.ic3.gov/CSA/2026/261008.pdf,AI generated. IP address listed in Appendix A of joint advisory AA26-281A; first seen date used.,AI agent,medium
ip,120.36.252.181,2021-04-21,unknown,Flax Typhoon,china,unknown,unknown,https://www.ic3.gov/CSA/2026/261008.pdf,AI generated. IP address listed in Appendix A of joint advisory AA26-281A; first seen date used.,AI agent,medium
ip,120.36.248.185,2024-02-26,unknown,Flax Typhoon,china,unknown,unknown,https://www.ic3.gov/CSA/2026/261008.pdf,AI generated. IP address listed in Appendix A of joint advisory AA26-281A; first seen date used.,AI agent,medium
ip,120.36.253.180,2024-05-15,unknown,Flax Typhoon,china,unknown,unknown,https://www.ic3.gov/CSA/2026/261008.pdf,AI generated. IP address listed in Appendix A of joint advisory AA26-281A; first seen date used.,AI agent,medium
ip,120.36.255.179,2024-03-19,unknown,Flax Typhoon,china,unknown,unknown,https://www.ic3.gov/CSA/2026/261008.pdf,AI generated. IP address listed in Appendix A of joint advisory AA26-281A; first seen date used.,AI agent,medium
ip,120.36.253.186,2024-02-27,unknown,Flax Typhoon,china,unknown,unknown,https://www.ic3.gov/CSA/2026/261008.pdf,AI generated. IP address listed in Appendix A of joint advisory AA26-281A; first seen date used.,AI agent,medium
ip,120.36.253.187,2021-09-24,unknown,Flax Typhoon,china,unknown,unknown,https://www.ic3.gov/CSA/2026/261008.pdf,AI generated. IP address listed in Appendix A of joint advisory AA26-281A; first seen date used.,AI agent,medium
ip,120.36.250.19,2021-10-09,unknown,Flax Typhoon,china,unknown,unknown,https://www.ic3.gov/CSA/2026/261008.pdf,AI generated. IP address listed in Appendix A of joint advisory AA26-281A; first seen date used.,AI agent,medium
ip,120.36.251.19,2021-05-24,unknown,Flax Typhoon,china,unknown,unknown,https://www.ic3.gov/CSA/2026/261008.pdf,AI generated. IP address listed in Appendix A of joint advisory AA26-281A; first seen date used.,AI agent,medium
ip,120.36.251.190,2023-08-29,unknown,Flax Typhoon,china,unknown,unknown,https://www.ic3.gov/CSA/2026/261008.pdf,AI generated. IP address listed in Appendix A of joint advisory AA26-281A; first seen date used.,AI agent,medium
ip,120.36.255.189,2023-06-21,unknown,Flax Typhoon,china,unknown,unknown,https://www.ic3.gov/CSA/2026/261008.pdf,AI generated. IP address listed in Appendix A of joint advisory AA26-281A; first seen date used.,AI agent,medium
ip,120.41.244.15,2024-01-25,unknown,Flax Typhoon,china,unknown,unknown,https://www.ic3.gov/CSA/2026/261008.pdf,AI generated. IP address listed in Appendix A of joint advisory AA26-281A; first seen date used.,AI agent,medium
ip,120.36.254.192,2021-07-06,unknown,Flax Typhoon,china,unknown,unknown,https://www.ic3.gov/CSA/2026/261008.pdf,AI generated. IP address listed in Appendix A of joint advisory AA26-281A; first seen date used.,AI agent,medium
ip,120.36.249.197,2021-08-13,unknown,Flax Typhoon,china,unknown,unknown,https://www.ic3.gov/CSA/2026/261008.pdf,AI generated. IP address listed in Appendix A of joint advisory AA26-281A; first seen date used.,AI agent,medium
ip,120.36.248.200,2022-11-17,unknown,Flax Typhoon,china,unknown,unknown,https://www.ic3.gov/CSA/2026/261008.pdf,AI generated. IP address listed in Appendix A of joint advisory AA26-281A; first seen date used.,AI agent,medium
ip,120.36.253.195,2023-11-22,unknown,Flax Typhoon,china,unknown,unknown,https://www.ic3.gov/CSA/2026/261008.pdf,AI generated. IP address listed in Appendix A of joint advisory AA26-281A; first seen date used.,AI agent,medium
ip,120.36.251.2,2022-03-04,unknown,Flax Typhoon,china,unknown,unknown,https://www.ic3.gov/CSA/2026/261008.pdf,AI generated. IP address listed in Appendix A of joint advisory AA26-281A; first seen date used.,AI agent,medium
ip,120.36.251.20,2022-04-25,unknown,Flax Typhoon,china,unknown,unknown,https://www.ic3.gov/CSA/2026/261008.pdf,AI generated. IP address listed in Appendix A of joint advisory AA26-281A; first seen date used.,AI agent,medium
ip,120.36.255.196,2024-06-03,unknown,Flax Typhoon,china,unknown,unknown,https://www.ic3.gov/CSA/2026/261008.pdf,AI generated. IP address listed in Appendix A of joint advisory AA26-281A; first seen date used.,AI agent,medium
ip,120.36.251.202,2021-12-24,unknown,Flax Typhoon,china,unknown,unknown,https://www.ic3.gov/CSA/2026/261008.pdf,AI generated. IP address listed in Appendix A of joint advisory AA26-281A; first seen date used.,AI agent,medium
ip,120.36.254.202,2021-08-23,unknown,Flax Typhoon,china,unknown,unknown,https://www.ic3.gov/CSA/2026/261008.pdf,AI generated. IP address listed in Appendix A of joint advisory AA26-281A; first seen date used.,AI agent,medium
ip,120.36.250.207,2023-07-14,unknown,Flax Typhoon,china,unknown,unknown,https://www.ic3.gov/CSA/2026/261008.pdf,AI generated. IP address listed in Appendix A of joint advisory AA26-281A; first seen date used.,AI agent,medium
ip,120.36.250.210,2023-12-15,unknown,Flax Typhoon,china,unknown,unknown,https://www.ic3.gov/CSA/2026/261008.pdf,AI generated. IP address listed in Appendix A of joint advisory AA26-281A; first seen date used.,AI agent,medium
ip,120.36.249.213,2022-05-09,unknown,Flax Typhoon,china,unknown,unknown,https://www.ic3.gov/CSA/2026/261008.pdf,AI generated. IP address listed in Appendix A of joint advisory AA26-281A; first seen date used.,AI agent,medium
ip,120.36.251.213,2023-10-13,unknown,Flax Typhoon,china,unknown,unknown,https://www.ic3.gov/CSA/2026/261008.pdf,AI generated. IP address listed in Appendix A of joint advisory AA26-281A; first seen date used.,AI agent,medium
ip,120.36.253.212,2022-04-24,unknown,Flax Typhoon,china,unknown,unknown,https://www.ic3.gov/CSA/2026/261008.pdf,AI generated. IP address listed in Appendix A of joint advisory AA26-281A; first seen date used.,AI agent,medium
ip,120.36.251.215,2023-04-19,unknown,Flax Typhoon,china,unknown,unknown,https://www.ic3.gov/CSA/2026/261008.pdf,AI generated. IP address listed in Appendix A of joint advisory AA26-281A; first seen date used.,AI agent,medium
ip,120.36.252.215,2022-09-08,unknown,Flax Typhoon,china,unknown,unknown,https://www.ic3.gov/CSA/2026/261008.pdf,AI generated. IP address listed in Appendix A of joint advisory AA26-281A; first seen date used.,AI agent,medium
ip,120.36.255.214,2023-10-07,unknown,Flax Typhoon,china,unknown,unknown,https://www.ic3.gov/CSA/2026/261008.pdf,AI generated. IP address listed in Appendix A of joint advisory AA26-281A; first seen date used.,AI agent,medium
ip,120.36.250.221,2023-11-02,unknown,Flax Typhoon,china,unknown,unknown,https://www.ic3.gov/CSA/2026/261008.pdf,AI generated. IP address listed in Appendix A of joint advisory AA26-281A; first seen date used.,AI agent,medium
ip,120.36.255.22,2024-03-26,unknown,Flax Typhoon,china,unknown,unknown,https://www.ic3.gov/CSA/2026/261008.pdf,AI generated. IP address listed in Appendix A of joint advisory AA26-281A; first seen date used.,AI agent,medium
ip,120.36.251.230,2023-12-04,unknown,Flax Typhoon,china,unknown,unknown,https://www.ic3.gov/CSA/2026/261008.pdf,AI generated. IP address listed in Appendix A of joint advisory AA26-281A; first seen date used.,AI agent,medium
ip,120.36.255.228,2021-11-08,unknown,Flax Typhoon,china,unknown,unknown,https://www.ic3.gov/CSA/2026/261008.pdf,AI generated. IP address listed in Appendix A of joint advisory AA26-281A; first seen date used.,AI agent,medium
ip,120.36.253.23,2023-11-07,unknown,Flax Typhoon,china,unknown,unknown,https://www.ic3.gov/CSA/2026/261008.pdf,AI generated. IP address listed in Appendix A of joint advisory AA26-281A; first seen date used.,AI agent,medium
ip,120.36.253.231,2022-12-01,unknown,Flax Typhoon,china,unknown,unknown,https://www.ic3.gov/CSA/2026/261008.pdf,AI generated. IP address listed in Appendix A of joint advisory AA26-281A; first seen date used.,AI agent,medium
ip,120.36.251.234,2021-10-12,unknown,Flax Typhoon,china,unknown,unknown,https://www.ic3.gov/CSA/2026/261008.pdf,AI generated. IP address listed in Appendix A of joint advisory AA26-281A; first seen date used.,AI agent,medium
ip,120.36.248.237,2021-12-28,unknown,Flax Typhoon,china,unknown,unknown,https://www.ic3.gov/CSA/2026/261008.pdf,AI generated. IP address listed in Appendix A of joint advisory AA26-281A; first seen date used.,AI agent,medium
ip,120.36.253.232,2023-03-31,unknown,Flax Typhoon,china,unknown,unknown,https://www.ic3.gov/CSA/2026/261008.pdf,AI generated. IP address listed in Appendix A of joint advisory AA26-281A; first seen date used.,AI agent,medium
ip,120.36.253.233,2024-04-15,unknown,Flax Typhoon,china,unknown,unknown,https://www.ic3.gov/CSA/2026/261008.pdf,AI generated. IP address listed in Appendix A of joint advisory AA26-281A; first seen date used.,AI agent,medium
ip,120.36.249.238,2022-09-20,unknown,Flax Typhoon,china,unknown,unknown,https://www.ic3.gov/CSA/2026/261008.pdf,AI generated. IP address listed in Appendix A of joint advisory AA26-281A; first seen date used.,AI agent,medium
ip,120.36.251.237,2022-02-18,unknown,Flax Typhoon,china,unknown,unknown,https://www.ic3.gov/CSA/2026/261008.pdf,AI generated. IP address listed in Appendix A of joint advisory AA26-281A; first seen date used.,AI agent,medium
ip,120.36.255.233,2024-02-06,unknown,Flax Typhoon,china,unknown,unknown,https://www.ic3.gov/CSA/2026/261008.pdf,AI generated. IP address listed in Appendix A of joint advisory AA26-281A; first seen date used.,AI agent,medium
ip,120.36.255.237,2022-06-15,unknown,Flax Typhoon,china,unknown,unknown,https://www.ic3.gov/CSA/2026/261008.pdf,AI generated. IP address listed in Appendix A of joint advisory AA26-281A; first seen date used.,AI agent,medium
ip,120.36.249.245,2022-05-24,unknown,Flax Typhoon,china,unknown,unknown,https://www.ic3.gov/CSA/2026/261008.pdf,AI generated. IP address listed in Appendix A of joint advisory AA26-281A; first seen date used.,AI agent,medium
ip,120.36.252.242,2024-03-05,unknown,Flax Typhoon,china,unknown,unknown,https://www.ic3.gov/CSA/2026/261008.pdf,AI generated. IP address listed in Appendix A of joint advisory AA26-281A; first seen date used.,AI agent,medium
ip,120.36.255.24,2023-09-08,unknown,Flax Typhoon,china,unknown,unknown,https://www.ic3.gov/CSA/2026/261008.pdf,AI generated. IP address listed in Appendix A of joint advisory AA26-281A; first seen date used.,AI agent,medium
ip,120.36.249.248,2021-07-23,unknown,Flax Typhoon,china,unknown,unknown,https://www.ic3.gov/CSA/2026/261008.pdf,AI generated. IP address listed in Appendix A of joint advisory AA26-281A; first seen date used.,AI agent,medium
ip,120.36.250.247,2021-11-25,unknown,Flax Typhoon,china,unknown,unknown,https://www.ic3.gov/CSA/2026/261008.pdf,AI generated. IP address listed in Appendix A of joint advisory AA26-281A; first seen date used.,AI agent,medium
ip,120.36.253.247,2021-05-06,unknown,Flax Typhoon,china,unknown,unknown,https://www.ic3.gov/CSA/2026/261008.pdf,AI generated. IP address listed in Appendix A of joint advisory AA26-281A; first seen date used.,AI agent,medium
ip,120.36.253.248,2021-04-19,unknown,Flax Typhoon,china,unknown,unknown,https://www.ic3.gov/CSA/2026/261008.pdf,AI generated. IP address listed in Appendix A of joint advisory AA26-281A; first seen date used.,AI agent,medium
ip,120.36.251.25,2024-06-07,unknown,Flax Typhoon,china,unknown,unknown,https://www.ic3.gov/CSA/2026/261008.pdf,AI generated. IP address listed in Appendix A of joint advisory AA26-281A; first seen date used.,AI agent,medium
ip,120.36.251.254,2021-03-22,unknown,Flax Typhoon,china,unknown,unknown,https://www.ic3.gov/CSA/2026/261008.pdf,AI generated. IP address listed in Appendix A of joint advisory AA26-281A; first seen date used.,AI agent,medium
ip,120.36.249.28,2022-10-24,unknown,Flax Typhoon,china,unknown,unknown,https://www.ic3.gov/CSA/2026/261008.pdf,AI generated. IP address listed in Appendix A of joint advisory AA26-281A; first seen date used.,AI agent,medium
ip,120.36.251.3,2021-12-08,unknown,Flax Typhoon,china,unknown,unknown,https://www.ic3.gov/CSA/2026/261008.pdf,AI generated. IP address listed in Appendix A of joint advisory AA26-281A; first seen date used.,AI agent,medium
ip,120.36.251.30,2022-01-19,unknown,Flax Typhoon,china,unknown,unknown,https://www.ic3.gov/CSA/2026/261008.pdf,AI generated. IP address listed in Appendix A of joint advisory AA26-281A; first seen date used.,AI agent,medium
ip,120.36.254.3,2021-06-30,unknown,Flax Typhoon,china,unknown,unknown,https://www.ic3.gov/CSA/2026/261008.pdf,AI generated. IP address listed in Appendix A of joint advisory AA26-281A; first seen date used.,AI agent,medium
ip,120.36.254.32,2024-07-30,unknown,Flax Typhoon,china,unknown,unknown,https://www.ic3.gov/CSA/2026/261008.pdf,AI generated. IP address listed in Appendix A of joint advisory AA26-281A; first seen date used.,AI agent,medium
ip,120.36.249.33,2022-11-07,unknown,Flax Typhoon,china,unknown,unknown,https://www.ic3.gov/CSA/2026/261008.pdf,AI generated. IP address listed in Appendix A of joint advisory AA26-281A; first seen date used.,AI agent,medium
ip,120.36.250.4,2021-03-31,unknown,Flax Typhoon,china,unknown,unknown,https://www.ic3.gov/CSA/2026/261008.pdf,AI generated. IP address listed in Appendix A of joint advisory AA26-281A; first seen date used.,AI agent,medium
ip,120.36.250.43,2021-06-08,unknown,Flax Typhoon,china,unknown,unknown,https://www.ic3.gov/CSA/2026/261008.pdf,AI generated. IP address listed in Appendix A of joint advisory AA26-281A; first seen date used.,AI agent,medium
ip,120.36.249.47,2023-01-03,unknown,Flax Typhoon,china,unknown,unknown,https://www.ic3.gov/CSA/2026/261008.pdf,AI generated. IP address listed in Appendix A of joint advisory AA26-281A; first seen date used.,AI agent,medium
ip,120.36.248.48,2021-03-15,unknown,Flax Typhoon,china,unknown,unknown,https://www.ic3.gov/CSA/2026/261008.pdf,AI generated. IP address listed in Appendix A of joint advisory AA26-281A; first seen date used.,AI agent,medium
ip,120.36.250.48,2023-05-25,unknown,Flax Typhoon,china,unknown,unknown,https://www.ic3.gov/CSA/2026/261008.pdf,AI generated. IP address listed in Appendix A of joint advisory AA26-281A; first seen date used.,AI agent,medium
ip,120.36.249.52,2022-05-16,unknown,Flax Typhoon,china,unknown,unknown,https://www.ic3.gov/CSA/2026/261008.pdf,AI generated. IP address listed in Appendix A of joint advisory AA26-281A; first seen date used.,AI agent,medium
ip,120.36.250.53,2024-01-22,unknown,Flax Typhoon,china,unknown,unknown,https://www.ic3.gov/CSA/2026/261008.pdf,AI generated. IP address listed in Appendix A of joint advisory AA26-281A; first seen date used.,AI agent,medium
ip,120.36.249.54,2022-09-13,unknown,Flax Typhoon,china,unknown,unknown,https://www.ic3.gov/CSA/2026/261008.pdf,AI generated. IP address listed in Appendix A of joint advisory AA26-281A; first seen date used.,AI agent,medium
ip,120.36.251.54,2021-07-08,unknown,Flax Typhoon,china,unknown,unknown,https://www.ic3.gov/CSA/2026/261008.pdf,AI generated. IP address listed in Appendix A of joint advisory AA26-281A; first seen date used.,AI agent,medium
ip,120.36.249.55,2024-04-07,unknown,Flax Typhoon,china,unknown,unknown,https://www.ic3.gov/CSA/2026/261008.pdf,AI generated. IP address listed in Appendix A of joint advisory AA26-281A; first seen date used.,AI agent,medium
ip,120.36.251.56,2022-11-16,unknown,Flax Typhoon,china,unknown,unknown,https://www.ic3.gov/CSA/2026/261008.pdf,AI generated. IP address listed in Appendix A of joint advisory AA26-281A; first seen date used.,AI agent,medium
ip,120.36.248.57,2023-06-05,unknown,Flax Typhoon,china,unknown,unknown,https://www.ic3.gov/CSA/2026/261008.pdf,AI generated. IP address listed in Appendix A of joint advisory AA26-281A; first seen date used.,AI agent,medium
ip,120.36.250.58,2022-03-22,unknown,Flax Typhoon,china,unknown,unknown,https://www.ic3.gov/CSA/2026/261008.pdf,AI generated. IP address listed in Appendix A of joint advisory AA26-281A; first seen date used.,AI agent,medium
ip,120.36.250.6,2022-01-14,unknown,Flax Typhoon,china,unknown,unknown,https://www.ic3.gov/CSA/2026/261008.pdf,AI generated. IP address listed in Appendix A of joint advisory AA26-281A; first seen date used.,AI agent,medium
ip,120.36.253.6,2021-08-11,unknown,Flax Typhoon,china,unknown,unknown,https://www.ic3.gov/CSA/2026/261008.pdf,AI generated. IP address listed in Appendix A of joint advisory AA26-281A; first seen date used.,AI agent,medium
ip,120.36.254.63,2023-03-30,unknown,Flax Typhoon,china,unknown,unknown,https://www.ic3.gov/CSA/2026/261008.pdf,AI generated. IP address listed in Appendix A of joint advisory AA26-281A; first seen date used.,AI agent,medium
ip,120.36.250.65,2023-09-05,unknown,Flax Typhoon,china,unknown,unknown,https://www.ic3.gov/CSA/2026/261008.pdf,AI generated. IP address listed in Appendix A of joint advisory AA26-281A; first seen date used.,AI agent,medium
ip,120.36.251.65,2022-06-22,unknown,Flax Typhoon,china,unknown,unknown,https://www.ic3.gov/CSA/2026/261008.pdf,AI generated. IP address listed in Appendix A of joint advisory AA26-281A; first seen date used.,AI agent,medium
ip,120.36.250.67,2021-05-27,unknown,Flax Typhoon,china,unknown,unknown,https://www.ic3.gov/CSA/2026/261008.pdf,AI generated. IP address listed in Appendix A of joint advisory AA26-281A; first seen date used.,AI agent,medium
ip,120.36.252.69,2024-04-08,unknown,Flax Typhoon,china,unknown,unknown,https://www.ic3.gov/CSA/2026/261008.pdf,AI generated. IP address listed in Appendix A of joint advisory AA26-281A; first seen date used.,AI agent,medium
ip,120.36.248.73,2021-08-17,unknown,Flax Typhoon,china,unknown,unknown,https://www.ic3.gov/CSA/2026/261008.pdf,AI generated. IP address listed in Appendix A of joint advisory AA26-281A; first seen date used.,AI agent,medium
ip,120.36.255.74,2021-11-19,unknown,Flax Typhoon,china,unknown,unknown,https://www.ic3.gov/CSA/2026/261008.pdf,AI generated. IP address listed in Appendix A of joint advisory AA26-281A; first seen date used.,AI agent,medium
ip,120.36.250.76,2024-06-05,unknown,Flax Typhoon,china,unknown,unknown,https://www.ic3.gov/CSA/2026/261008.pdf,AI generated. IP address listed in Appendix A of joint advisory AA26-281A; first seen date used.,AI agent,medium
ip,120.41.222.74,2023-11-04,unknown,Flax Typhoon,china,unknown,unknown,https://www.ic3.gov/CSA/2026/261008.pdf,AI generated. IP address listed in Appendix A of joint advisory AA26-281A; first seen date used.,AI agent,medium
ip,120.36.248.80,2022-10-11,unknown,Flax Typhoon,china,unknown,unknown,https://www.ic3.gov/CSA/2026/261008.pdf,AI generated. IP address listed in Appendix A of joint advisory AA26-281A; first seen date used.,AI agent,medium
ip,120.36.251.80,2021-07-27,unknown,Flax Typhoon,china,unknown,unknown,https://www.ic3.gov/CSA/2026/261008.pdf,AI generated. IP address listed in Appendix A of joint advisory AA26-281A; first seen date used.,AI agent,medium
ip,120.36.251.84,2022-07-05,unknown,Flax Typhoon,china,unknown,unknown,https://www.ic3.gov/CSA/2026/261008.pdf,AI generated. IP address listed in Appendix A of joint advisory AA26-281A; first seen date used.,AI agent,medium
ip,120.36.252.90,2024-04-24,unknown,Flax Typhoon,china,unknown,unknown,https://www.ic3.gov/CSA/2026/261008.pdf,AI generated. IP address listed in Appendix A of joint advisory AA26-281A; first seen date used.,AI agent,medium
ip,120.36.249.91,2021-04-06,unknown,Flax Typhoon,china,unknown,unknown,https://www.ic3.gov/CSA/2026/261008.pdf,AI generated. IP address listed in Appendix A of joint advisory AA26-281A; first seen date used.,AI agent,medium
ip,120.36.251.91,2022-09-29,unknown,Flax Typhoon,china,unknown,unknown,https://www.ic3.gov/CSA/2026/261008.pdf,AI generated. IP address listed in Appendix A of joint advisory AA26-281A; first seen date used.,AI agent,medium
ip,120.36.252.91,2022-06-24,unknown,Flax Typhoon,china,unknown,unknown,https://www.ic3.gov/CSA/2026/261008.pdf,AI generated. IP address listed in Appendix A of joint advisory AA26-281A; first seen date used.,AI agent,medium
ip,120.36.254.92,2023-09-15,unknown,Flax Typhoon,china,unknown,unknown,https://www.ic3.gov/CSA/2026/261008.pdf,AI generated. IP address listed in Appendix A of joint advisory AA26-281A; first seen date used.,AI agent,medium
ip,120.36.254.94,2021-11-12,unknown,Flax Typhoon,china,unknown,unknown,https://www.ic3.gov/CSA/2026/261008.pdf,AI generated. IP address listed in Appendix A of joint advisory AA26-281A; first seen date used.,AI agent,medium
ip,120.36.248.97,2022-03-14,unknown,Flax Typhoon,china,unknown,unknown,https://www.ic3.gov/CSA/2026/261008.pdf,AI generated. IP address listed in Appendix A of joint advisory AA26-281A; first seen date used.,AI agent,medium
ip,120.36.251.97,2021-08-19,unknown,Flax Typhoon,china,unknown,unknown,https://www.ic3.gov/CSA/2026/261008.pdf,AI generated. IP address listed in Appendix A of joint advisory AA26-281A; first seen date used.,AI agent,medium
ip,120.36.249.98,2023-02-01,unknown,Flax Typhoon,china,unknown,unknown,https://www.ic3.gov/CSA/2026/261008.pdf,AI generated. IP address listed in Appendix A of joint advisory AA26-281A; first seen date used.,AI agent,medium
ip,120.36.252.98,2022-04-13,unknown,Flax Typhoon,china,unknown,unknown,https://www.ic3.gov/CSA/2026/261008.pdf,AI generated. IP address listed in Appendix A of joint advisory AA26-281A; first seen date used.,AI agent,medium
ip,121.207.60.123,2023-03-19,unknown,Flax Typhoon,china,unknown,unknown,https://www.ic3.gov/CSA/2026/261008.pdf,AI generated. IP address listed in Appendix A of joint advisory AA26-281A; first seen date used.,AI agent,medium
ip,122.116.33.118,2023-05-12,unknown,Flax Typhoon,china,unknown,unknown,https://www.ic3.gov/CSA/2026/261008.pdf,AI generated. IP address listed in Appendix A of joint advisory AA26-281A; first seen date used.,AI agent,medium
ip,122.232.149.231,2023-03-23,unknown,Flax Typhoon,china,unknown,unknown,https://www.ic3.gov/CSA/2026/261008.pdf,AI generated. IP address listed in Appendix A of joint advisory AA26-281A; first seen date used.,AI agent,medium
ip,122.201.241.230,2023-05-23,unknown,Flax Typhoon,china,unknown,unknown,https://www.ic3.gov/CSA/2026/261008.pdf,AI generated. IP address listed in Appendix A of joint advisory AA26-281A; first seen date used.,AI agent,medium
ip,122.116.159.52,2023-05-22,unknown,Flax Typhoon,china,unknown,unknown,https://www.ic3.gov/CSA/2026/261008.pdf,AI generated. IP address listed in Appendix A of joint advisory AA26-281A; first seen date used.,AI agent,medium
ip,122.116.102.93,2024-05-21,unknown,Flax Typhoon,china,unknown,unknown,https://www.ic3.gov/CSA/2026/261008.pdf,AI generated. IP address listed in Appendix A of joint advisory AA26-281A; first seen date used.,AI agent,medium
ip,123.121.157.240,2022-04-12,unknown,Flax Typhoon,china,unknown,unknown,https://www.ic3.gov/CSA/2026/261008.pdf,AI generated. IP address listed in Appendix A of joint advisory AA26-281A; first seen date used.,AI agent,medium
ip,123.51.237.194,2024-04-08,unknown,Flax Typhoon,china,unknown,unknown,https://www.ic3.gov/CSA/2026/261008.pdf,AI generated. IP address listed in Appendix A of joint advisory AA26-281A; first seen date used.,AI agent,medium
ip,123.252.121.7,2024-02-26,unknown,Flax Typhoon,china,unknown,unknown,https://www.ic3.gov/CSA/2026/261008.pdf,AI generated. IP address listed in Appendix A of joint advisory AA26-281A; first seen date used.,AI agent,medium
ip,123.252.122.7,2024-02-28,unknown,Flax Typhoon,china,unknown,unknown,https://www.ic3.gov/CSA/2026/261008.pdf,AI generated. IP address listed in Appendix A of joint advisory AA26-281A; first seen date used.,AI agent,medium
ip,123.12.90.227,2023-01-26,unknown,Flax Typhoon,china,unknown,unknown,https://www.ic3.gov/CSA/2026/261008.pdf,AI generated. IP address listed in Appendix A of joint advisory AA26-281A; first seen date used.,AI agent,medium
ip,123.60.61.104,2024-09-12,unknown,Flax Typhoon,china,unknown,unknown,https://www.ic3.gov/CSA/2026/261008.pdf,AI generated. IP address listed in Appendix A of joint advisory AA26-281A; first seen date used.,AI agent,medium
ip,124.126.158.130,2024-02-21,unknown,Flax Typhoon,china,unknown,unknown,https://www.ic3.gov/CSA/2026/261008.pdf,AI generated. IP address listed in Appendix A of joint advisory AA26-281A; first seen date used.,AI agent,medium
ip,124.126.139.199,2023-05-31,unknown,Flax Typhoon,china,unknown,unknown,https://www.ic3.gov/CSA/2026/261008.pdf,AI generated. IP address listed in Appendix A of joint advisory AA26-281A; first seen date used.,AI agent,medium
ip,124.127.17.171,2023-08-10,unknown,Flax Typhoon,china,unknown,unknown,https://www.ic3.gov/CSA/2026/261008.pdf,AI generated. IP address listed in Appendix A of joint advisory AA26-281A; first seen date used.,AI agent,medium
ip,124.127.220.223,2023-08-21,unknown,Flax Typhoon,china,unknown,unknown,https://www.ic3.gov/CSA/2026/261008.pdf,AI generated. IP address listed in Appendix A of joint advisory AA26-281A; first seen date used.,AI agent,medium
ip,124.150.135.3,2023-09-07,unknown,Flax Typhoon,china,unknown,unknown,https://www.ic3.gov/CSA/2026/261008.pdf,AI generated. IP address listed in Appendix A of joint advisory AA26-281A; first seen date used.,AI agent,medium
ip,123.51.223.96,2023-03-14,unknown,Flax Typhoon,china,unknown,unknown,https://www.ic3.gov/CSA/2026/261008.pdf,AI generated. IP address listed in Appendix A of joint advisory AA26-281A; first seen date used.,AI agent,medium
ip,124.64.22.13,2023-12-11,unknown,Flax Typhoon,china,unknown,unknown,https://www.ic3.gov/CSA/2026/261008.pdf,AI generated. IP address listed in Appendix A of joint advisory AA26-281A; first seen date used.,AI agent,medium
ip,124.126.141.74,2023-04-23,unknown,Flax Typhoon,china,unknown,unknown,https://www.ic3.gov/CSA/2026/261008.pdf,AI generated. IP address listed in Appendix A of joint advisory AA26-281A; first seen date used.,AI agent,medium
ip,124.127.78.22,2023-08-15,unknown,Flax Typhoon,china,unknown,unknown,https://www.ic3.gov/CSA/2026/261008.pdf,AI generated. IP address listed in Appendix A of joint advisory AA26-281A; first seen date used.,AI agent,medium
ip,124.127.72.52,2023-08-12,unknown,Flax Typhoon,china,unknown,unknown,https://www.ic3.gov/CSA/2026/261008.pdf,AI generated. IP address listed in Appendix A of joint advisory AA26-281A; first seen date used.,AI agent,medium
ip,125.227.147.106,2023-11-01,unknown,Flax Typhoon,china,unknown,unknown,https://www.ic3.gov/CSA/2026/261008.pdf,AI generated. IP address listed in Appendix A of joint advisory AA26-281A; first seen date used.,AI agent,medium
ip,125.227.140.168,2024-03-18,unknown,Flax Typhoon,china,unknown,unknown,https://www.ic3.gov/CSA/2026/261008.pdf,AI generated. IP address listed in Appendix A of joint advisory AA26-281A; first seen date used.,AI agent,medium
ip,125.227.1.220,2023-05-25,unknown,Flax Typhoon,china,unknown,unknown,https://www.ic3.gov/CSA/2026/261008.pdf,AI generated. IP address listed in Appendix A of joint advisory AA26-281A; first seen date used.,AI agent,medium
ip,125.227.196.157,2024-01-19,unknown,Flax Typhoon,china,unknown,unknown,https://www.ic3.gov/CSA/2026/261008.pdf,AI generated. IP address listed in Appendix A of joint advisory AA26-281A; first seen date used.,AI agent,medium
ip,125.227.219.145,2024-03-06,unknown,Flax Typhoon,china,unknown,unknown,https://www.ic3.gov/CSA/2026/261008.pdf,AI generated. IP address listed in Appendix A of joint advisory AA26-281A; first seen date used.,AI agent,medium
ip,125.228.239.13,2024-04-02,unknown,Flax Typhoon,china,unknown,unknown,https://www.ic3.gov/CSA/2026/261008.pdf,AI generated. IP address listed in Appendix A of joint advisory AA26-281A; first seen date used.,AI agent,medium
ip,125.227.218.2,2024-05-16,unknown,Flax Typhoon,china,unknown,unknown,https://www.ic3.gov/CSA/2026/261008.pdf,AI generated. IP address listed in Appendix A of joint advisory AA26-281A; first seen date used.,AI agent,medium
ip,124.64.23.80,2023-07-07,unknown,Flax Typhoon,china,unknown,unknown,https://www.ic3.gov/CSA/2026/261008.pdf,AI generated. IP address listed in Appendix A of joint advisory AA26-281A; first seen date used.,AI agent,medium
ip,125.229.172.48,2024-05-23,unknown,Flax Typhoon,china,unknown,unknown,https://www.ic3.gov/CSA/2026/261008.pdf,AI generated. IP address listed in Appendix A of joint advisory AA26-281A; first seen date used.,AI agent,medium
ip,125.227.136.60,2023-05-11,unknown,Flax Typhoon,china,unknown,unknown,https://www.ic3.gov/CSA/2026/261008.pdf,AI generated. IP address listed in Appendix A of joint advisory AA26-281A; first seen date used.,AI agent,medium
ip,137.220.34.137,2020-12-16,unknown,Flax Typhoon,china,unknown,unknown,https://www.ic3.gov/CSA/2026/261008.pdf,AI generated. IP address listed in Appendix A of joint advisory AA26-281A; first seen date used.,AI agent,medium
ip,137.220.39.222,2021-01-21,unknown,Flax Typhoon,china,unknown,unknown,https://www.ic3.gov/CSA/2026/261008.pdf,AI generated. IP address listed in Appendix A of joint advisory AA26-281A; first seen date used.,AI agent,medium
ip,137.220.43.47,2020-07-17,unknown,Flax Typhoon,china,unknown,unknown,https://www.ic3.gov/CSA/2026/261008.pdf,AI generated. IP address listed in Appendix A of joint advisory AA26-281A; first seen date used.,AI agent,medium
ip,137.220.36.87,2023-03-16,unknown,Flax Typhoon,china,unknown,unknown,https://www.ic3.gov/CSA/2026/261008.pdf,AI generated. IP address listed in Appendix A of joint advisory AA26-281A; first seen date used.,AI agent,medium
ip,138.199.62.148,2024-12-05,unknown,Flax Typhoon,china,unknown,unknown,https://www.ic3.gov/CSA/2026/261008.pdf,AI generated. IP address listed in Appendix A of joint advisory AA26-281A; first seen date used.,AI agent,medium
ip,139.180.137.219,2024-01-25,unknown,Flax Typhoon,china,unknown,unknown,https://www.ic3.gov/CSA/2026/261008.pdf,AI generated. IP address listed in Appendix A of joint advisory AA26-281A; first seen date used.,AI agent,medium
ip,139.180.217.19,2024-06-05,unknown,Flax Typhoon,china,unknown,unknown,https://www.ic3.gov/CSA/2026/261008.pdf,AI generated. IP address listed in Appendix A of joint advisory AA26-281A; first seen date used.,AI agent,medium
ip,139.180.158.51,2021-12-13,unknown,Flax Typhoon,china,unknown,unknown,https://www.ic3.gov/CSA/2026/261008.pdf,AI generated. IP address listed in Appendix A of joint advisory AA26-281A; first seen date used.,AI agent,medium
ip,139.84.174.129,2024-06-17,unknown,Flax Typhoon,china,unknown,unknown,https://www.ic3.gov/CSA/2026/261008.pdf,AI generated. IP address listed in Appendix A of joint advisory AA26-281A; first seen date used.,AI agent,medium
ip,140.82.27.163,2020-01-02,unknown,Flax Typhoon,china,unknown,unknown,https://www.ic3.gov/CSA/2026/261008.pdf,AI generated. IP address listed in Appendix A of joint advisory AA26-281A; first seen date used.,AI agent,medium
ip,140.82.50.151,2021-03-05,unknown,Flax Typhoon,china,unknown,unknown,https://www.ic3.gov/CSA/2026/261008.pdf,AI generated. IP address listed in Appendix A of joint advisory AA26-281A; first seen date used.,AI agent,medium
ip,141.164.41.128,2023-04-11,unknown,Flax Typhoon,china,unknown,unknown,https://www.ic3.gov/CSA/2026/261008.pdf,AI generated. IP address listed in Appendix A of joint advisory AA26-281A; first seen date used.,AI agent,medium
ip,140.82.48.6,2020-07-13,unknown,Flax Typhoon,china,unknown,unknown,https://www.ic3.gov/CSA/2026/261008.pdf,AI generated. IP address listed in Appendix A of joint advisory AA26-281A; first seen date used.,AI agent,medium
ip,141.164.55.227,2024-09-04,unknown,Flax Typhoon,china,unknown,unknown,https://www.ic3.gov/CSA/2026/261008.pdf,AI generated. IP address listed in Appendix A of joint advisory AA26-281A; first seen date used.,AI agent,medium
ip,141.164.56.93,2025-06-20,unknown,Flax Typhoon,china,unknown,unknown,https://www.ic3.gov/CSA/2026/261008.pdf,AI generated. IP address listed in Appendix A of joint advisory AA26-281A; first seen date used.,AI agent,medium
ip,144.202.26.205,2020-05-14,unknown,Flax Typhoon,china,unknown,unknown,https://www.ic3.gov/CSA/2026/261008.pdf,AI generated. IP address listed in Appendix A of joint advisory AA26-281A; first seen date used.,AI agent,medium
ip,144.34.171.162,2023-03-29,unknown,Flax Typhoon,china,unknown,unknown,https://www.ic3.gov/CSA/2026/261008.pdf,AI generated. IP address listed in Appendix A of joint advisory AA26-281A; first seen date used.,AI agent,medium
ip,144.202.33.164,2020-09-17,unknown,Flax Typhoon,china,unknown,unknown,https://www.ic3.gov/CSA/2026/261008.pdf,AI generated. IP address listed in Appendix A of joint advisory AA26-281A; first seen date used.,AI agent,medium
ip,144.202.62.109,2019-10-16,unknown,Flax Typhoon,china,unknown,unknown,https://www.ic3.gov/CSA/2026/261008.pdf,AI generated. IP address listed in Appendix A of joint advisory AA26-281A; first seen date used.,AI agent,medium
ip,144.202.91.107,2020-10-19,unknown,Flax Typhoon,china,unknown,unknown,https://www.ic3.gov/CSA/2026/261008.pdf,AI generated. IP address listed in Appendix A of joint advisory AA26-281A; first seen date used.,AI agent,medium
ip,144.202.94.216,2020-08-17,unknown,Flax Typhoon,china,unknown,unknown,https://www.ic3.gov/CSA/2026/261008.pdf,AI generated. IP address listed in Appendix A of joint advisory AA26-281A; first seen date used.,AI agent,medium
ip,144.202.98.41,2020-11-18,unknown,Flax Typhoon,china,unknown,unknown,https://www.ic3.gov/CSA/2026/261008.pdf,AI generated. IP address listed in Appendix A of joint advisory AA26-281A; first seen date used.,AI agent,medium
ip,147.139.133.246,2023-05-26,unknown,Flax Typhoon,china,unknown,unknown,https://www.ic3.gov/CSA/2026/261008.pdf,AI generated. IP address listed in Appendix A of joint advisory AA26-281A; first seen date used.,AI agent,medium
ip,149.28.132.137,2024-02-23,unknown,Flax Typhoon,china,unknown,unknown,https://www.ic3.gov/CSA/2026/261008.pdf,AI generated. IP address listed in Appendix A of joint advisory AA26-281A; first seen date used.,AI agent,medium
ip,149.28.132.161,2024-05-17,unknown,Flax Typhoon,china,unknown,unknown,https://www.ic3.gov/CSA/2026/261008.pdf,AI generated. IP address listed in Appendix A of joint advisory AA26-281A; first seen date used.,AI agent,medium
ip,149.28.201.146,2020-11-20,unknown,Flax Typhoon,china,unknown,unknown,https://www.ic3.gov/CSA/2026/261008.pdf,AI generated. IP address listed in Appendix A of joint advisory AA26-281A; first seen date used.,AI agent,medium
ip,149.28.188.184,2019-11-21,unknown,Flax Typhoon,china,unknown,unknown,https://www.ic3.gov/CSA/2026/261008.pdf,AI generated. IP address listed in Appendix A of joint advisory AA26-281A; first seen date used.,AI agent,medium
ip,149.248.34.100,2020-06-05,unknown,Flax Typhoon,china,unknown,unknown,https://www.ic3.gov/CSA/2026/261008.pdf,AI generated. IP address listed in Appendix A of joint advisory AA26-281A; first seen date used.,AI agent,medium
ip,149.28.149.29,2024-04-30,unknown,Flax Typhoon,china,unknown,unknown,https://www.ic3.gov/CSA/2026/261008.pdf,AI generated. IP address listed in Appendix A of joint advisory AA26-281A; first seen date used.,AI agent,medium
ip,149.28.252.19,2019-11-18,unknown,Flax Typhoon,china,unknown,unknown,https://www.ic3.gov/CSA/2026/261008.pdf,AI generated. IP address listed in Appendix A of joint advisory AA26-281A; first seen date used.,AI agent,medium
ip,149.248.38.179,2020-06-03,unknown,Flax Typhoon,china,unknown,unknown,https://www.ic3.gov/CSA/2026/261008.pdf,AI generated. IP address listed in Appendix A of joint advisory AA26-281A; first seen date used.,AI agent,medium
ip,149.248.39.202,2023-06-08,unknown,Flax Typhoon,china,unknown,unknown,https://www.ic3.gov/CSA/2026/261008.pdf,AI generated. IP address listed in Appendix A of joint advisory AA26-281A; first seen date used.,AI agent,medium
ip,149.248.44.191,2024-02-23,unknown,Flax Typhoon,china,unknown,unknown,https://www.ic3.gov/CSA/2026/261008.pdf,AI generated. IP address listed in Appendix A of joint advisory AA26-281A; first seen date used.,AI agent,medium
ip,149.248.51.22,2024-01-25,unknown,Flax Typhoon,china,unknown,unknown,https://www.ic3.gov/CSA/2026/261008.pdf,AI generated. IP address listed in Appendix A of joint advisory AA26-281A; first seen date used.,AI agent,medium
ip,149.28.72.106,2023-02-24,unknown,Flax Typhoon,china,unknown,unknown,https://www.ic3.gov/CSA/2026/261008.pdf,AI generated. IP address listed in Appendix A of joint advisory AA26-281A; first seen date used.,AI agent,medium
ip,155.138.155.170,2021-02-04,unknown,Flax Typhoon,china,unknown,unknown,https://www.ic3.gov/CSA/2026/261008.pdf,AI generated. IP address listed in Appendix A of joint advisory AA26-281A; first seen date used.,AI agent,medium
ip,155.138.136.190,2019-12-05,unknown,Flax Typhoon,china,unknown,unknown,https://www.ic3.gov/CSA/2026/261008.pdf,AI generated. IP address listed in Appendix A of joint advisory AA26-281A; first seen date used.,AI agent,medium
ip,155.138.151.225,2024-06-05,unknown,Flax Typhoon,china,unknown,unknown,https://www.ic3.gov/CSA/2026/261008.pdf,AI generated. IP address listed in Appendix A of joint advisory AA26-281A; first seen date used.,AI agent,medium
ip,155.138.133.56,2024-01-25,unknown,Flax Typhoon,china,unknown,unknown,https://www.ic3.gov/CSA/2026/261008.pdf,AI generated. IP address listed in Appendix A of joint advisory AA26-281A; first seen date used.,AI agent,medium
ip,156.146.45.152,2024-09-21,unknown,Flax Typhoon,china,unknown,unknown,https://www.ic3.gov/CSA/2026/261008.pdf,AI generated. IP address listed in Appendix A of joint advisory AA26-281A; first seen date used.,AI agent,medium
ip,156.146.45.194,2024-09-19,unknown,Flax Typhoon,china,unknown,unknown,https://www.ic3.gov/CSA/2026/261008.pdf,AI generated. IP address listed in Appendix A of joint advisory AA26-281A; first seen date used.,AI agent,medium
ip,158.247.197.28,2023-06-25,unknown,Flax Typhoon,china,unknown,unknown,https://www.ic3.gov/CSA/2026/261008.pdf,AI generated. IP address listed in Appendix A of joint advisory AA26-281A; first seen date used.,AI agent,medium
ip,159.138.152.61,2023-03-16,unknown,Flax Typhoon,china,unknown,unknown,https://www.ic3.gov/CSA/2026/261008.pdf,AI generated. IP address listed in Appendix A of joint advisory AA26-281A; first seen date used.,AI agent,medium
ip,162.14.178.86,2021-03-29,unknown,Flax Typhoon,china,unknown,unknown,https://www.ic3.gov/CSA/2026/261008.pdf,AI generated. IP address listed in Appendix A of joint advisory AA26-281A; first seen date used.,AI agent,medium
ip,167.172.33.16,2023-04-14,unknown,Flax Typhoon,china,unknown,unknown,https://www.ic3.gov/CSA/2026/261008.pdf,AI generated. IP address listed in Appendix A of joint advisory AA26-281A; first seen date used.,AI agent,medium
ip,167.179.87.215,2022-11-21,unknown,Flax Typhoon,china,unknown,unknown,https://www.ic3.gov/CSA/2026/261008.pdf,AI generated. IP address listed in Appendix A of joint advisory AA26-281A; first seen date used.,AI agent,medium
ip,167.179.97.121,2022-12-14,unknown,Flax Typhoon,china,unknown,unknown,https://www.ic3.gov/CSA/2026/261008.pdf,AI generated. IP address listed in Appendix A of joint advisory AA26-281A; first seen date used.,AI agent,medium
ip,171.120.88.137,2023-09-27,unknown,Flax Typhoon,china,unknown,unknown,https://www.ic3.gov/CSA/2026/261008.pdf,AI generated. IP address listed in Appendix A of joint advisory AA26-281A; first seen date used.,AI agent,medium
ip,178.62.208.162,2023-04-14,unknown,Flax Typhoon,china,unknown,unknown,https://www.ic3.gov/CSA/2026/261008.pdf,AI generated. IP address listed in Appendix A of joint advisory AA26-281A; first seen date used.,AI agent,medium
ip,180.122.149.177,2023-03-22,unknown,Flax Typhoon,china,unknown,unknown,https://www.ic3.gov/CSA/2026/261008.pdf,AI generated. IP address listed in Appendix A of joint advisory AA26-281A; first seen date used.,AI agent,medium
ip,182.34.19.234,2023-03-23,unknown,Flax Typhoon,china,unknown,unknown,https://www.ic3.gov/CSA/2026/261008.pdf,AI generated. IP address listed in Appendix A of joint advisory AA26-281A; first seen date used.,AI agent,medium
ip,183.240.139.216,2020-12-07,unknown,Flax Typhoon,china,unknown,unknown,https://www.ic3.gov/CSA/2026/261008.pdf,AI generated. IP address listed in Appendix A of joint advisory AA26-281A; first seen date used.,AI agent,medium
ip,183.253.28.104,2024-02-27,unknown,Flax Typhoon,china,unknown,unknown,https://www.ic3.gov/CSA/2026/261008.pdf,AI generated. IP address listed in Appendix A of joint advisory AA26-281A; first seen date used.,AI agent,medium
ip,183.253.29.110,2024-05-06,unknown,Flax Typhoon,china,unknown,unknown,https://www.ic3.gov/CSA/2026/261008.pdf,AI generated. IP address listed in Appendix A of joint advisory AA26-281A; first seen date used.,AI agent,medium
ip,183.253.28.121,2023-12-06,unknown,Flax Typhoon,china,unknown,unknown,https://www.ic3.gov/CSA/2026/261008.pdf,AI generated. IP address listed in Appendix A of joint advisory AA26-281A; first seen date used.,AI agent,medium
ip,183.250.213.20,2023-04-03,unknown,Flax Typhoon,china,unknown,unknown,https://www.ic3.gov/CSA/2026/261008.pdf,AI generated. IP address listed in Appendix A of joint advisory AA26-281A; first seen date used.,AI agent,medium
ip,183.253.29.189,2024-08-09,unknown,Flax Typhoon,china,unknown,unknown,https://www.ic3.gov/CSA/2026/261008.pdf,AI generated. IP address listed in Appendix A of joint advisory AA26-281A; first seen date used.,AI agent,medium
ip,183.250.213.55,2023-09-26,unknown,Flax Typhoon,china,unknown,unknown,https://www.ic3.gov/CSA/2026/261008.pdf,AI generated. IP address listed in Appendix A of joint advisory AA26-281A; first seen date used.,AI agent,medium
ip,183.253.29.66,2024-03-25,unknown,Flax Typhoon,china,unknown,unknown,https://www.ic3.gov/CSA/2026/261008.pdf,AI generated. IP address listed in Appendix A of joint advisory AA26-281A; first seen date used.,AI agent,medium
ip,183.253.28.67,2024-10-12,unknown,Flax Typhoon,china,unknown,unknown,https://www.ic3.gov/CSA/2026/261008.pdf,AI generated. IP address listed in Appendix A of joint advisory AA26-281A; first seen date used.,AI agent,medium
ip,183.250.213.80,2023-03-03,unknown,Flax Typhoon,china,unknown,unknown,https://www.ic3.gov/CSA/2026/261008.pdf,AI generated. IP address listed in Appendix A of joint advisory AA26-281A; first seen date used.,AI agent,medium
ip,183.250.213.83,2023-03-24,unknown,Flax Typhoon,china,unknown,unknown,https://www.ic3.gov/CSA/2026/261008.pdf,AI generated. IP address listed in Appendix A of joint advisory AA26-281A; first seen date used.,AI agent,medium
ip,183.166.90.97,2023-03-20,unknown,Flax Typhoon,china,unknown,unknown,https://www.ic3.gov/CSA/2026/261008.pdf,AI generated. IP address listed in Appendix A of joint advisory AA26-281A; first seen date used.,AI agent,medium
ip,185.216.118.71,2024-06-07,unknown,Flax Typhoon,china,unknown,unknown,https://www.ic3.gov/CSA/2026/261008.pdf,AI generated. IP address listed in Appendix A of joint advisory AA26-281A; first seen date used.,AI agent,medium
ip,185.135.73.192,2022-01-04,unknown,Flax Typhoon,china,unknown,unknown,https://www.ic3.gov/CSA/2026/261008.pdf,AI generated. IP address listed in Appendix A of joint advisory AA26-281A; first seen date used.,AI agent,medium
ip,185.213.82.239,2024-06-27,unknown,Flax Typhoon,china,unknown,unknown,https://www.ic3.gov/CSA/2026/261008.pdf,AI generated. IP address listed in Appendix A of joint advisory AA26-281A; first seen date used.,AI agent,medium
ip,185.213.82.243,2024-06-28,unknown,Flax Typhoon,china,unknown,unknown,https://www.ic3.gov/CSA/2026/261008.pdf,AI generated. IP address listed in Appendix A of joint advisory AA26-281A; first seen date used.,AI agent,medium
ip,185.213.82.55,2024-10-16,unknown,Flax Typhoon,china,unknown,unknown,https://www.ic3.gov/CSA/2026/261008.pdf,AI generated. IP address listed in Appendix A of joint advisory AA26-281A; first seen date used.,AI agent,medium
ip,185.213.82.65,2023-09-21,unknown,Flax Typhoon,china,unknown,unknown,https://www.ic3.gov/CSA/2026/261008.pdf,AI generated. IP address listed in Appendix A of joint advisory AA26-281A; first seen date used.,AI agent,medium
ip,190.92.241.15,2023-03-20,unknown,Flax Typhoon,china,unknown,unknown,https://www.ic3.gov/CSA/2026/261008.pdf,AI generated. IP address listed in Appendix A of joint advisory AA26-281A; first seen date used.,AI agent,medium
ip,191.232.188.144,2022-06-23,unknown,Flax Typhoon,china,unknown,unknown,https://www.ic3.gov/CSA/2026/261008.pdf,AI generated. IP address listed in Appendix A of joint advisory AA26-281A; first seen date used.,AI agent,medium
ip,193.42.24.68,2024-11-28,unknown,Flax Typhoon,china,unknown,unknown,https://www.ic3.gov/CSA/2026/261008.pdf,AI generated. IP address listed in Appendix A of joint advisory AA26-281A; first seen date used.,AI agent,medium
ip,193.42.25.73,2024-03-24,unknown,Flax Typhoon,china,unknown,unknown,https://www.ic3.gov/CSA/2026/261008.pdf,AI generated. IP address listed in Appendix A of joint advisory AA26-281A; first seen date used.,AI agent,medium
ip,198.13.38.211,2024-07-05,unknown,Flax Typhoon,china,unknown,unknown,https://www.ic3.gov/CSA/2026/261008.pdf,AI generated. IP address listed in Appendix A of joint advisory AA26-281A; first seen date used.,AI agent,medium
ip,202.182.109.151,2024-06-01,unknown,Flax Typhoon,china,unknown,unknown,https://www.ic3.gov/CSA/2026/261008.pdf,AI generated. IP address listed in Appendix A of joint advisory AA26-281A; first seen date used.,AI agent,medium
ip,202.101.145.22,2023-03-23,unknown,Flax Typhoon,china,unknown,unknown,https://www.ic3.gov/CSA/2026/261008.pdf,AI generated. IP address listed in Appendix A of joint advisory AA26-281A; first seen date used.,AI agent,medium
ip,202.182.106.31,2024-01-25,unknown,Flax Typhoon,china,unknown,unknown,https://www.ic3.gov/CSA/2026/261008.pdf,AI generated. IP address listed in Appendix A of joint advisory AA26-281A; first seen date used.,AI agent,medium
ip,202.39.151.239,2024-03-08,unknown,Flax Typhoon,china,unknown,unknown,https://www.ic3.gov/CSA/2026/261008.pdf,AI generated. IP address listed in Appendix A of joint advisory AA26-281A; first seen date used.,AI agent,medium
ip,202.99.19.250,2023-07-10,unknown,Flax Typhoon,china,unknown,unknown,https://www.ic3.gov/CSA/2026/261008.pdf,AI generated. IP address listed in Appendix A of joint advisory AA26-281A; first seen date used.,AI agent,medium
ip,202.99.19.254,2023-07-13,unknown,Flax Typhoon,china,unknown,unknown,https://www.ic3.gov/CSA/2026/261008.pdf,AI generated. IP address listed in Appendix A of joint advisory AA26-281A; first seen date used.,AI agent,medium
ip,203.74.126.20,2023-03-28,unknown,Flax Typhoon,china,unknown,unknown,https://www.ic3.gov/CSA/2026/261008.pdf,AI generated. IP address listed in Appendix A of joint advisory AA26-281A; first seen date used.,AI agent,medium
ip,203.69.36.122,2024-04-01,unknown,Flax Typhoon,china,unknown,unknown,https://www.ic3.gov/CSA/2026/261008.pdf,AI generated. IP address listed in Appendix A of joint advisory AA26-281A; first seen date used.,AI agent,medium
ip,207.246.118.144,2022-10-21,unknown,Flax Typhoon,china,unknown,unknown,https://www.ic3.gov/CSA/2026/261008.pdf,AI generated. IP address listed in Appendix A of joint advisory AA26-281A; first seen date used.,AI agent,medium
ip,207.246.117.149,2020-03-24,unknown,Flax Typhoon,china,unknown,unknown,https://www.ic3.gov/CSA/2026/261008.pdf,AI generated. IP address listed in Appendix A of joint advisory AA26-281A; first seen date used.,AI agent,medium
ip,207.246.114.173,2019-10-30,unknown,Flax Typhoon,china,unknown,unknown,https://www.ic3.gov/CSA/2026/261008.pdf,AI generated. IP address listed in Appendix A of joint advisory AA26-281A; first seen date used.,AI agent,medium
ip,207.148.68.131,2024-01-25,unknown,Flax Typhoon,china,unknown,unknown,https://www.ic3.gov/CSA/2026/261008.pdf,AI generated. IP address listed in Appendix A of joint advisory AA26-281A; first seen date used.,AI agent,medium
ip,207.148.122.69,2024-01-25,unknown,Flax Typhoon,china,unknown,unknown,https://www.ic3.gov/CSA/2026/261008.pdf,AI generated. IP address listed in Appendix A of joint advisory AA26-281A; first seen date used.,AI agent,medium
ip,207.148.67.146,2021-01-06,unknown,Flax Typhoon,china,unknown,unknown,https://www.ic3.gov/CSA/2026/261008.pdf,AI generated. IP address listed in Appendix A of joint advisory AA26-281A; first seen date used.,AI agent,medium
ip,207.246.108.64,2020-01-16,unknown,Flax Typhoon,china,unknown,unknown,https://www.ic3.gov/CSA/2026/261008.pdf,AI generated. IP address listed in Appendix A of joint advisory AA26-281A; first seen date used.,AI agent,medium
ip,207.246.127.64,2019-09-12,unknown,Flax Typhoon,china,unknown,unknown,https://www.ic3.gov/CSA/2026/261008.pdf,AI generated. IP address listed in Appendix A of joint advisory AA26-281A; first seen date used.,AI agent,medium
ip,207.148.73.238,2023-06-14,unknown,Flax Typhoon,china,unknown,unknown,https://www.ic3.gov/CSA/2026/261008.pdf,AI generated. IP address listed in Appendix A of joint advisory AA26-281A; first seen date used.,AI agent,medium
ip,207.148.92.220,2024-04-25,unknown,Flax Typhoon,china,unknown,unknown,https://www.ic3.gov/CSA/2026/261008.pdf,AI generated. IP address listed in Appendix A of joint advisory AA26-281A; first seen date used.,AI agent,medium
ip,207.148.4.96,2019-09-30,unknown,Flax Typhoon,china,unknown,unknown,https://www.ic3.gov/CSA/2026/261008.pdf,AI generated. IP address listed in Appendix A of joint advisory AA26-281A; first seen date used.,AI agent,medium
ip,208.72.154.55,2022-04-24,unknown,Flax Typhoon,china,unknown,unknown,https://www.ic3.gov/CSA/2026/261008.pdf,AI generated. IP address listed in Appendix A of joint advisory AA26-281A; first seen date used.,AI agent,medium
ip,210.242.152.155,2024-03-26,unknown,Flax Typhoon,china,unknown,unknown,https://www.ic3.gov/CSA/2026/261008.pdf,AI generated. IP address listed in Appendix A of joint advisory AA26-281A; first seen date used.,AI agent,medium
ip,210.242.38.241,2023-03-14,unknown,Flax Typhoon,china,unknown,unknown,https://www.ic3.gov/CSA/2026/261008.pdf,AI generated. IP address listed in Appendix A of joint advisory AA26-281A; first seen date used.,AI agent,medium
ip,210.243.225.41,2024-05-14,unknown,Flax Typhoon,china,unknown,unknown,https://www.ic3.gov/CSA/2026/261008.pdf,AI generated. IP address listed in Appendix A of joint advisory AA26-281A; first seen date used.,AI agent,medium
ip,210.66.220.39,2021-10-18,unknown,Flax Typhoon,china,unknown,unknown,https://www.ic3.gov/CSA/2026/261008.pdf,AI generated. IP address listed in Appendix A of joint advisory AA26-281A; first seen date used.,AI agent,medium
ip,210.242.76.32,2024-05-23,unknown,Flax Typhoon,china,unknown,unknown,https://www.ic3.gov/CSA/2026/261008.pdf,AI generated. IP address listed in Appendix A of joint advisory AA26-281A; first seen date used.,AI agent,medium
ip,210.71.166.50,2024-06-03,unknown,Flax Typhoon,china,unknown,unknown,https://www.ic3.gov/CSA/2026/261008.pdf,AI generated. IP address listed in Appendix A of joint advisory AA26-281A; first seen date used.,AI agent,medium
ip,211.20.144.116,2024-05-16,unknown,Flax Typhoon,china,unknown,unknown,https://www.ic3.gov/CSA/2026/261008.pdf,AI generated. IP address listed in Appendix A of joint advisory AA26-281A; first seen date used.,AI agent,medium
ip,211.20.104.187,2024-05-21,unknown,Flax Typhoon,china,unknown,unknown,https://www.ic3.gov/CSA/2026/261008.pdf,AI generated. IP address listed in Appendix A of joint advisory AA26-281A; first seen date used.,AI agent,medium
ip,211.21.19.11,2024-03-06,unknown,Flax Typhoon,china,unknown,unknown,https://www.ic3.gov/CSA/2026/261008.pdf,AI generated. IP address listed in Appendix A of joint advisory AA26-281A; first seen date used.,AI agent,medium
ip,211.22.143.228,2023-07-27,unknown,Flax Typhoon,china,unknown,unknown,https://www.ic3.gov/CSA/2026/261008.pdf,AI generated. IP address listed in Appendix A of joint advisory AA26-281A; first seen date used.,AI agent,medium
ip,211.20.115.60,2023-02-27,unknown,Flax Typhoon,china,unknown,unknown,https://www.ic3.gov/CSA/2026/261008.pdf,AI generated. IP address listed in Appendix A of joint advisory AA26-281A; first seen date used.,AI agent,medium
ip,211.20.154.60,2024-03-18,unknown,Flax Typhoon,china,unknown,unknown,https://www.ic3.gov/CSA/2026/261008.pdf,AI generated. IP address listed in Appendix A of joint advisory AA26-281A; first seen date used.,AI agent,medium
ip,211.20.100.78,2023-12-21,unknown,Flax Typhoon,china,unknown,unknown,https://www.ic3.gov/CSA/2026/261008.pdf,AI generated. IP address listed in Appendix A of joint advisory AA26-281A; first seen date used.,AI agent,medium
ip,211.20.100.79,2023-12-22,unknown,Flax Typhoon,china,unknown,unknown,https://www.ic3.gov/CSA/2026/261008.pdf,AI generated. IP address listed in Appendix A of joint advisory AA26-281A; first seen date used.,AI agent,medium
ip,211.99.103.102,2020-12-01,unknown,Flax Typhoon,china,unknown,unknown,https://www.ic3.gov/CSA/2026/261008.pdf,AI generated. IP address listed in Appendix A of joint advisory AA26-281A; first seen date used.,AI agent,medium
ip,211.21.61.46,2024-04-02,unknown,Flax Typhoon,china,unknown,unknown,https://www.ic3.gov/CSA/2026/261008.pdf,AI generated. IP address listed in Appendix A of joint advisory AA26-281A; first seen date used.,AI agent,medium
ip,211.75.185.37,2023-10-30,unknown,Flax Typhoon,china,unknown,unknown,https://www.ic3.gov/CSA/2026/261008.pdf,AI generated. IP address listed in Appendix A of joint advisory AA26-281A; first seen date used.,AI agent,medium
ip,211.99.103.243,2020-12-28,unknown,Flax Typhoon,china,unknown,unknown,https://www.ic3.gov/CSA/2026/261008.pdf,AI generated. IP address listed in Appendix A of joint advisory AA26-281A; first seen date used.,AI agent,medium
ip,212.107.28.16,2022-09-09,unknown,Flax Typhoon,china,unknown,unknown,https://www.ic3.gov/CSA/2026/261008.pdf,AI generated. IP address listed in Appendix A of joint advisory AA26-281A; first seen date used.,AI agent,medium
ip,212.107.28.22,2022-09-09,unknown,Flax Typhoon,china,unknown,unknown,https://www.ic3.gov/CSA/2026/261008.pdf,AI generated. IP address listed in Appendix A of joint advisory AA26-281A; first seen date used.,AI agent,medium
ip,212.107.28.23,2022-09-09,unknown,Flax Typhoon,china,unknown,unknown,https://www.ic3.gov/CSA/2026/261008.pdf,AI generated. IP address listed in Appendix A of joint advisory AA26-281A; first seen date used.,AI agent,medium
ip,211.78.84.17,2023-12-27,unknown,Flax Typhoon,china,unknown,unknown,https://www.ic3.gov/CSA/2026/261008.pdf,AI generated. IP address listed in Appendix A of joint advisory AA26-281A; first seen date used.,AI agent,medium
ip,211.20.91.77,2024-04-17,unknown,Flax Typhoon,china,unknown,unknown,https://www.ic3.gov/CSA/2026/261008.pdf,AI generated. IP address listed in Appendix A of joint advisory AA26-281A; first seen date used.,AI agent,medium
ip,211.99.100.90,2021-04-08,unknown,Flax Typhoon,china,unknown,unknown,https://www.ic3.gov/CSA/2026/261008.pdf,AI generated. IP address listed in Appendix A of joint advisory AA26-281A; first seen date used.,AI agent,medium
ip,211.99.100.91,2021-04-09,unknown,Flax Typhoon,china,unknown,unknown,https://www.ic3.gov/CSA/2026/261008.pdf,AI generated. IP address listed in Appendix A of joint advisory AA26-281A; first seen date used.,AI agent,medium
ip,211.99.98.197,2020-11-30,unknown,Flax Typhoon,china,unknown,unknown,https://www.ic3.gov/CSA/2026/261008.pdf,AI generated. IP address listed in Appendix A of joint advisory AA26-281A; first seen date used.,AI agent,medium
ip,216.128.149.106,2022-12-15,unknown,Flax Typhoon,china,unknown,unknown,https://www.ic3.gov/CSA/2026/261008.pdf,AI generated. IP address listed in Appendix A of joint advisory AA26-281A; first seen date used.,AI agent,medium
ip,216.128.128.238,2021-02-21,unknown,Flax Typhoon,china,unknown,unknown,https://www.ic3.gov/CSA/2026/261008.pdf,AI generated. IP address listed in Appendix A of joint advisory AA26-281A; first seen date used.,AI agent,medium
ip,218.26.159.254,2023-10-05,unknown,Flax Typhoon,china,unknown,unknown,https://www.ic3.gov/CSA/2026/261008.pdf,AI generated. IP address listed in Appendix A of joint advisory AA26-281A; first seen date used.,AI agent,medium
ip,218.5.173.137,2023-03-22,unknown,Flax Typhoon,china,unknown,unknown,https://www.ic3.gov/CSA/2026/261008.pdf,AI generated. IP address listed in Appendix A of joint advisory AA26-281A; first seen date used.,AI agent,medium
ip,218.5.157.171,2023-03-20,unknown,Flax Typhoon,china,unknown,unknown,https://www.ic3.gov/CSA/2026/261008.pdf,AI generated. IP address listed in Appendix A of joint advisory AA26-281A; first seen date used.,AI agent,medium
ip,218.66.163.188,2023-03-24,unknown,Flax Typhoon,china,unknown,unknown,https://www.ic3.gov/CSA/2026/261008.pdf,AI generated. IP address listed in Appendix A of joint advisory AA26-281A; first seen date used.,AI agent,medium
ip,219.143.179.250,2023-07-10,unknown,Flax Typhoon,china,unknown,unknown,https://www.ic3.gov/CSA/2026/261008.pdf,AI generated. IP address listed in Appendix A of joint advisory AA26-281A; first seen date used.,AI agent,medium
ip,220.128.108.164,2022-10-28,unknown,Flax Typhoon,china,unknown,unknown,https://www.ic3.gov/CSA/2026/261008.pdf,AI generated. IP address listed in Appendix A of joint advisory AA26-281A; first seen date used.,AI agent,medium
ip,220.130.153.127,2023-04-03,unknown,Flax Typhoon,china,unknown,unknown,https://www.ic3.gov/CSA/2026/261008.pdf,AI generated. IP address listed in Appendix A of joint advisory AA26-281A; first seen date used.,AI agent,medium
ip,220.130.176.23,2023-12-18,unknown,Flax Typhoon,china,unknown,unknown,https://www.ic3.gov/CSA/2026/261008.pdf,AI generated. IP address listed in Appendix A of joint advisory AA26-281A; first seen date used.,AI agent,medium
ip,220.128.125.3,2023-03-08,unknown,Flax Typhoon,china,unknown,unknown,https://www.ic3.gov/CSA/2026/261008.pdf,AI generated. IP address listed in Appendix A of joint advisory AA26-281A; first seen date used.,AI agent,medium
ip,220.130.254.251,2023-12-13,unknown,Flax Typhoon,china,unknown,unknown,https://www.ic3.gov/CSA/2026/261008.pdf,AI generated. IP address listed in Appendix A of joint advisory AA26-281A; first seen date used.,AI agent,medium
ip,219.92.229.53,2023-05-15,unknown,Flax Typhoon,china,unknown,unknown,https://www.ic3.gov/CSA/2026/261008.pdf,AI generated. IP address listed in Appendix A of joint advisory AA26-281A; first seen date used.,AI agent,medium
ip,220.162.9.150,2023-03-20,unknown,Flax Typhoon,china,unknown,unknown,https://www.ic3.gov/CSA/2026/261008.pdf,AI generated. IP address listed in Appendix A of joint advisory AA26-281A; first seen date used.,AI agent,medium
ip,220.250.44.62,2023-06-28,unknown,Flax Typhoon,china,unknown,unknown,https://www.ic3.gov/CSA/2026/261008.pdf,AI generated. IP address listed in Appendix A of joint advisory AA26-281A; first seen date used.,AI agent,medium
ip,221.218.143.112,2024-02-29,unknown,Flax Typhoon,china,unknown,unknown,https://www.ic3.gov/CSA/2026/261008.pdf,AI generated. IP address listed in Appendix A of joint advisory AA26-281A; first seen date used.,AI agent,medium
ip,221.218.136.12,2023-07-16,unknown,Flax Typhoon,china,unknown,unknown,https://www.ic3.gov/CSA/2026/261008.pdf,AI generated. IP address listed in Appendix A of joint advisory AA26-281A; first seen date used.,AI agent,medium
ip,221.218.138.123,2024-05-23,unknown,Flax Typhoon,china,unknown,unknown,https://www.ic3.gov/CSA/2026/261008.pdf,AI generated. IP address listed in Appendix A of joint advisory AA26-281A; first seen date used.,AI agent,medium
ip,221.218.143.122,2023-06-04,unknown,Flax Typhoon,china,unknown,unknown,https://www.ic3.gov/CSA/2026/261008.pdf,AI generated. IP address listed in Appendix A of joint advisory AA26-281A; first seen date used.,AI agent,medium
ip,221.218.143.184,2023-07-05,unknown,Flax Typhoon,china,unknown,unknown,https://www.ic3.gov/CSA/2026/261008.pdf,AI generated. IP address listed in Appendix A of joint advisory AA26-281A; first seen date used.,AI agent,medium
ip,221.218.136.192,2023-10-08,unknown,Flax Typhoon,china,unknown,unknown,https://www.ic3.gov/CSA/2026/261008.pdf,AI generated. IP address listed in Appendix A of joint advisory AA26-281A; first seen date used.,AI agent,medium
ip,221.216.116.238,2024-04-24,unknown,Flax Typhoon,china,unknown,unknown,https://www.ic3.gov/CSA/2026/261008.pdf,AI generated. IP address listed in Appendix A of joint advisory AA26-281A; first seen date used.,AI agent,medium
ip,221.218.137.229,2024-06-04,unknown,Flax Typhoon,china,unknown,unknown,https://www.ic3.gov/CSA/2026/261008.pdf,AI generated. IP address listed in Appendix A of joint advisory AA26-281A; first seen date used.,AI agent,medium
ip,221.218.139.248,2024-01-18,unknown,Flax Typhoon,china,unknown,unknown,https://www.ic3.gov/CSA/2026/261008.pdf,AI generated. IP address listed in Appendix A of joint advisory AA26-281A; first seen date used.,AI agent,medium
ip,221.216.208.188,2023-06-19,unknown,Flax Typhoon,china,unknown,unknown,https://www.ic3.gov/CSA/2026/261008.pdf,AI generated. IP address listed in Appendix A of joint advisory AA26-281A; first seen date used.,AI agent,medium
ip,221.218.142.26,2024-05-09,unknown,Flax Typhoon,china,unknown,unknown,https://www.ic3.gov/CSA/2026/261008.pdf,AI generated. IP address listed in Appendix A of joint advisory AA26-281A; first seen date used.,AI agent,medium
ip,221.218.141.96,2024-04-02,unknown,Flax Typhoon,china,unknown,unknown,https://www.ic3.gov/CSA/2026/261008.pdf,AI generated. IP address listed in Appendix A of joint advisory AA26-281A; first seen date used.,AI agent,medium
ip,222.92.153.125,2024-06-06,unknown,Flax Typhoon,china,unknown,unknown,https://www.ic3.gov/CSA/2026/261008.pdf,AI generated. IP address listed in Appendix A of joint advisory AA26-281A; first seen date used.,AI agent,medium
ip,223.104.40.128,2024-04-16,unknown,Flax Typhoon,china,unknown,unknown,https://www.ic3.gov/CSA/2026/261008.pdf,AI generated. IP address listed in Appendix A of joint advisory AA26-281A; first seen date used.,AI agent,medium
ip,223.104.41.13,2024-04-18,unknown,Flax Typhoon,china,unknown,unknown,https://www.ic3.gov/CSA/2026/261008.pdf,AI generated. IP address listed in Appendix A of joint advisory AA26-281A; first seen date used.,AI agent,medium
ip,223.104.40.142,2024-04-17,unknown,Flax Typhoon,china,unknown,unknown,https://www.ic3.gov/CSA/2026/261008.pdf,AI generated. IP address listed in Appendix A of joint advisory AA26-281A; first seen date used.,AI agent,medium
ip,223.104.40.204,2024-04-19,unknown,Flax Typhoon,china,unknown,unknown,https://www.ic3.gov/CSA/2026/261008.pdf,AI generated. IP address listed in Appendix A of joint advisory AA26-281A; first seen date used.,AI agent,medium
ip,223.27.34.132,2024-04-10,unknown,Flax Typhoon,china,unknown,unknown,https://www.ic3.gov/CSA/2026/261008.pdf,AI generated. IP address listed in Appendix A of joint advisory AA26-281A; first seen date used.,AI agent,medium
ip,223.104.55.183,2024-07-03,unknown,Flax Typhoon,china,unknown,unknown,https://www.ic3.gov/CSA/2026/261008.pdf,AI generated. IP address listed in Appendix A of joint advisory AA26-281A; first seen date used.,AI agent,medium
ip,223.104.39.82,2023-07-11,unknown,Flax Typhoon,china,unknown,unknown,https://www.ic3.gov/CSA/2026/261008.pdf,AI generated. IP address listed in Appendix A of joint advisory AA26-281A; first seen date used.,AI agent,medium
url,https://natcloudservice.com/ews,2023-09-08,c2,Flax Typhoon,china,unknown,unknown,https://www.ic3.gov/CSA/2026/261008.pdf,AI generated. C2 URL contacted by the bot described in joint advisory AA26-281A.,AI agent,medium
url,https://upl.natcloudservice.com/ews,2023-09-08,c2,Flax Typhoon,china,unknown,unknown,https://www.ic3.gov/CSA/2026/261008.pdf,AI generated. C2 URL contacted by the bot described in joint advisory AA26-281A.,AI agent,medium
file_hash_md5,48ca18a25424a0f52276290b619a7a83,2026-10-08,malware,Flax Typhoon,china,unknown,webshell,https://www.ic3.gov/CSA/2026/261008.pdf,AI generated. MD5 of webshell b374.php leveraged by the actors per joint advisory AA26-281A.,AI agent,medium
file_hash_sha256,72c6af6a4be99e31c4a7a0aa4f01750792788e7f6f9749243a9f2c47c14a708f,2026-10-08,malware,Flax Typhoon,china,unknown,webshell,https://www.ic3.gov/CSA/2026/261008.pdf,AI generated. SHA256 of webshell b374.php leveraged by the actors per joint advisory AA26-281A.,AI agent,medium
file_hash_md5,38f5ff8169423e2c756848c02e8cac3b,2026-10-08,malware,Flax Typhoon,china,unknown,webshell,https://www.ic3.gov/CSA/2026/261008.pdf,AI generated. MD5 of webshell back.pl leveraged by the actors per joint advisory AA26-281A.,AI agent,medium
file_hash_sha256,456586ababa08f70216c4459f4d6375676166ebfddd98a33b447ceb5099e8dc5,2026-10-08,malware,Flax Typhoon,china,unknown,webshell,https://www.ic3.gov/CSA/2026/261008.pdf,AI generated. SHA256 of webshell back.pl leveraged by the actors per joint advisory AA26-281A.,AI agent,medium
file_hash_md5,d61326c4e6d24aa9b67e2b7a3ef7cedf,2026-10-08,malware,Flax Typhoon,china,unknown,webshell,https://www.ic3.gov/CSA/2026/261008.pdf,AI generated. MD5 of webshell error.jsp leveraged by the actors per joint advisory AA26-281A.,AI agent,medium
file_hash_sha256,2f5c406eb64ad8902c8e30610d43fd3efc05a14cdb8fb158818953eaf3dc6a81,2026-10-08,malware,Flax Typhoon,china,unknown,webshell,https://www.ic3.gov/CSA/2026/261008.pdf,AI generated. SHA256 of webshell error.jsp leveraged by the actors per joint advisory AA26-281A.,AI agent,medium
file_hash_md5,f8de2e99dc7523d2c83d1a48e844c5ff,2026-10-08,malware,Flax Typhoon,china,unknown,webshell,https://www.ic3.gov/CSA/2026/261008.pdf,AI generated. MD5 of webshell file_back.aspx leveraged by the actors per joint advisory AA26-281A.,AI agent,medium
file_hash_sha256,5782ff2c835c88cc1ee521d2e8c523cfad73db3f9a29c93b40c4223f0338ade9,2026-10-08,malware,Flax Typhoon,china,unknown,webshell,https://www.ic3.gov/CSA/2026/261008.pdf,AI generated. SHA256 of webshell file_back.aspx leveraged by the actors per joint advisory AA26-281A.,AI agent,medium
file_hash_md5,5b5a2c7fa705d8b1eb04da5db900b0d7,2026-10-08,malware,Flax Typhoon,china,unknown,webshell,https://www.ic3.gov/CSA/2026/261008.pdf,AI generated. MD5 of webshell gf.phtml leveraged by the actors per joint advisory AA26-281A.,AI agent,medium
file_hash_sha256,0e6fecb2d369b0eae63731616a3daada52036634885ab1b85b115af6bc5bcb86,2026-10-08,malware,Flax Typhoon,china,unknown,webshell,https://www.ic3.gov/CSA/2026/261008.pdf,AI generated. SHA256 of webshell gf.phtml leveraged by the actors per joint advisory AA26-281A.,AI agent,medium
file_hash_md5,655cd134976d3e80c521708aa8be418b,2026-10-08,malware,Flax Typhoon,china,unknown,webshell,https://www.ic3.gov/CSA/2026/261008.pdf,AI generated. MD5 of webshell yaml-payload.jar leveraged by the actors per joint advisory AA26-281A.,AI agent,medium
file_hash_sha256,36f3b7645609ef40444dbc68f01d26c543d67689eda4937272ea5cfa4df1b522,2026-10-08,malware,Flax Typhoon,china,unknown,webshell,https://www.ic3.gov/CSA/2026/261008.pdf,AI generated. SHA256 of webshell yaml-payload.jar leveraged by the actors per joint advisory AA26-281A.,AI agent,medium
file_hash_md5,dae8f50ea44225fae3ba1f160b42bfdc,2026-10-08,tool,Flax Typhoon,china,N/A,N/A,https://www.ic3.gov/CSA/2026/261008.pdf,AI generated. MD5 of offensive tool ksubdomain from the actors' tooling repository per joint advisory AA26-281A.,AI agent,medium
file_hash_sha256,670fa10a2ddde21fd594c4fef86b554d864089ed2de7153b472e921c623403ae,2026-10-08,tool,Flax Typhoon,china,N/A,N/A,https://www.ic3.gov/CSA/2026/261008.pdf,AI generated. SHA256 of offensive tool ksubdomain from the actors' tooling repository per joint advisory AA26-281A.,AI agent,medium
file_hash_md5,fdece34bc084f1e252aeae274650eb8d,2026-10-08,tool,Flax Typhoon,china,N/A,N/A,https://www.ic3.gov/CSA/2026/261008.pdf,AI generated. MD5 of offensive tool ksubdomain_linux from the actors' tooling repository per joint advisory AA26-281A.,AI agent,medium
file_hash_sha256,645f6f2667af01a94d04a9d7a71916a13d9426835d636b4ceee2e25ccb34e525,2026-10-08,tool,Flax Typhoon,china,N/A,N/A,https://www.ic3.gov/CSA/2026/261008.pdf,AI generated. SHA256 of offensive tool ksubdomain_linux from the actors' tooling repository per joint advisory AA26-281A.,AI agent,medium
file_hash_md5,596b990b0b389d906a8f4384837c1878,2026-10-08,tool,Flax Typhoon,china,N/A,N/A,https://www.ic3.gov/CSA/2026/261008.pdf,AI generated. MD5 of offensive tool oneforall.py from the actors' tooling repository per joint advisory AA26-281A.,AI agent,medium
file_hash_sha256,4d488f21269b18e37aaca93ac2a61707c9b611e506cdb3b287277746e94636b5,2026-10-08,tool,Flax Typhoon,china,N/A,N/A,https://www.ic3.gov/CSA/2026/261008.pdf,AI generated. SHA256 of offensive tool oneforall.py from the actors' tooling repository per joint advisory AA26-281A.,AI agent,medium
file_hash_md5,a73eca669fe80628dbbd2c7d9bb14c8f,2026-10-08,tool,Flax Typhoon,china,N/A,N/A,https://www.ic3.gov/CSA/2026/261008.pdf,AI generated. MD5 of offensive tool subDomainsBrute.py from the actors' tooling repository per joint advisory AA26-281A.,AI agent,medium
file_hash_sha256,a14844e982f172d0f23910558c3f390a9d4c45dc32db825c2af7cf0ed8631db2,2026-10-08,tool,Flax Typhoon,china,N/A,N/A,https://www.ic3.gov/CSA/2026/261008.pdf,AI generated. SHA256 of offensive tool subDomainsBrute.py from the actors' tooling repository per joint advisory AA26-281A.,AI agent,medium
file_hash_md5,be121e707f817aa9392c55af1e7ec2aa,2026-10-08,tool,Flax Typhoon,china,N/A,N/A,https://www.ic3.gov/CSA/2026/261008.pdf,AI generated. MD5 of offensive tool office-cli from the actors' tooling repository per joint advisory AA26-281A.,AI agent,medium
file_hash_sha256,add7dd142e4f7e2873bc8f7b7fb6308063608e0b49a773dea93abad4047f1489,2026-10-08,tool,Flax Typhoon,china,N/A,N/A,https://www.ic3.gov/CSA/2026/261008.pdf,AI generated. SHA256 of offensive tool office-cli from the actors' tooling repository per joint advisory AA26-281A.,AI agent,medium
file_hash_md5,7ce68f0dd85355ba2897a68521167e56,2026-10-08,tool,Flax Typhoon,china,N/A,N/A,https://www.ic3.gov/CSA/2026/261008.pdf,AI generated. MD5 of offensive tool JuicyPotato.exe from the actors' tooling repository per joint advisory AA26-281A.,AI agent,medium
file_hash_sha256,e7e727458f573dded05537baddac2867d2801db1c3c74410398d063dfd6f6575,2026-10-08,tool,Flax Typhoon,china,N/A,N/A,https://www.ic3.gov/CSA/2026/261008.pdf,AI generated. SHA256 of offensive tool JuicyPotato.exe from the actors' tooling repository per joint advisory AA26-281A.,AI agent,medium
file_hash_md5,f82694de2f19e1bff333c27bb7eb7a56,2026-10-08,tool,Flax Typhoon,china,N/A,N/A,https://www.ic3.gov/CSA/2026/261008.pdf,AI generated. MD5 of offensive tool BBScan.py from the actors' tooling repository per joint advisory AA26-281A.,AI agent,medium
file_hash_sha256,8e1b56ef51ba70aa4c4cfd4430820f20875b354588d5d723ba4d3940ea6c924b,2026-10-08,tool,Flax Typhoon,china,N/A,N/A,https://www.ic3.gov/CSA/2026/261008.pdf,AI generated. SHA256 of offensive tool BBScan.py from the actors' tooling repository per joint advisory AA26-281A.,AI agent,medium
file_hash_md5,1933c314041415939331fce183939547,2026-10-08,tool,Flax Typhoon,china,N/A,N/A,https://www.ic3.gov/CSA/2026/261008.pdf,AI generated. MD5 of offensive tool dirmap.py from the actors' tooling repository per joint advisory AA26-281A.,AI agent,medium
file_hash_sha256,46e59172c40c95d83c3a6f24f801fc2265653c8b575b66a726463e2a4eebd7f2,2026-10-08,tool,Flax Typhoon,china,N/A,N/A,https://www.ic3.gov/CSA/2026/261008.pdf,AI generated. SHA256 of offensive tool dirmap.py from the actors' tooling repository per joint advisory AA26-281A.,AI agent,medium
file_hash_md5,8829f6f1cc5fc0aab2f6e71bfd7dc53d,2026-10-08,tool,Flax Typhoon,china,N/A,N/A,https://www.ic3.gov/CSA/2026/261008.pdf,AI generated. MD5 of offensive tool dirsearch.py from the actors' tooling repository per joint advisory AA26-281A.,AI agent,medium
file_hash_sha256,752b14c6e6936991d51fcd5ebf40d303e657c2372893604f96044848ad9a5f24,2026-10-08,tool,Flax Typhoon,china,N/A,N/A,https://www.ic3.gov/CSA/2026/261008.pdf,AI generated. SHA256 of offensive tool dirsearch.py from the actors' tooling repository per joint advisory AA26-281A.,AI agent,medium
file_hash_md5,cf903e4a1629aa0582fd0363b5786676,2026-10-08,tool,Flax Typhoon,china,N/A,N/A,https://www.ic3.gov/CSA/2026/261008.pdf,AI generated. MD5 of offensive tool fscan.exe from the actors' tooling repository per joint advisory AA26-281A.,AI agent,medium
file_hash_sha256,7b9efc7ef8957411cdd22582ce4bfb3a5f76d9c91cdb7e36bf85c9785a2480e9,2026-10-08,tool,Flax Typhoon,china,N/A,N/A,https://www.ic3.gov/CSA/2026/261008.pdf,AI generated. SHA256 of offensive tool fscan.exe from the actors' tooling repository per joint advisory AA26-281A.,AI agent,medium
file_hash_md5,f01a9a2d1e31332ed36c1a4d2839f412,2026-10-08,tool,Flax Typhoon,china,N/A,N/A,https://www.ic3.gov/CSA/2026/261008.pdf,AI generated. MD5 of offensive tool nbtscan.exe from the actors' tooling repository per joint advisory AA26-281A.,AI agent,medium
file_hash_sha256,c9d5dc956841e000bfd8762e2f0b48b66c79b79500e894b4efa7fb9ba17e4e9e,2026-10-08,tool,Flax Typhoon,china,N/A,N/A,https://www.ic3.gov/CSA/2026/261008.pdf,AI generated. SHA256 of offensive tool nbtscan.exe from the actors' tooling repository per joint advisory AA26-281A.,AI agent,medium
file_hash_md5,ef713447f18f5b7ee16af4ac37ec4133,2026-10-08,tool,Flax Typhoon,china,N/A,N/A,https://www.ic3.gov/CSA/2026/261008.pdf,AI generated. MD5 of offensive tool nbtscan_linux from the actors' tooling repository per joint advisory AA26-281A.,AI agent,medium
file_hash_sha256,2fbcb1995c458e5affd5fb8f1f979a08ddce21714a2e413aa3d5dc44f9f245fe,2026-10-08,tool,Flax Typhoon,china,N/A,N/A,https://www.ic3.gov/CSA/2026/261008.pdf,AI generated. SHA256 of offensive tool nbtscan_linux from the actors' tooling repository per joint advisory AA26-281A.,AI agent,medium
file_hash_md5,8dcc4f9ccc6b6adf7eeeb3f51c95afad,2026-10-08,tool,Flax Typhoon,china,N/A,N/A,https://www.ic3.gov/CSA/2026/261008.pdf,AI generated. MD5 of offensive tool PackerFuzzer.py from the actors' tooling repository per joint advisory AA26-281A.,AI agent,medium
file_hash_sha256,33790218d5871af646feef5be29e0596d4703a45ce675c1eb2ca00140b3a1bde,2026-10-08,tool,Flax Typhoon,china,N/A,N/A,https://www.ic3.gov/CSA/2026/261008.pdf,AI generated. SHA256 of offensive tool PackerFuzzer.py from the actors' tooling repository per joint advisory AA26-281A.,AI agent,medium
file_hash_md5,b04375cca637f0702bf27feaff22a92d,2026-10-08,tool,Flax Typhoon,china,N/A,N/A,https://www.ic3.gov/CSA/2026/261008.pdf,AI generated. MD5 of offensive tool ShuiZe.py from the actors' tooling repository per joint advisory AA26-281A.,AI agent,medium
file_hash_sha256,c7f86a4623db5c90273cea041d43207849c5c6b0060c370b2095f13871b1366d,2026-10-08,tool,Flax Typhoon,china,N/A,N/A,https://www.ic3.gov/CSA/2026/261008.pdf,AI generated. SHA256 of offensive tool ShuiZe.py from the actors' tooling repository per joint advisory AA26-281A.,AI agent,medium
file_hash_md5,bcacc7ca999980d26c186ef791242fb5,2026-10-08,tool,Flax Typhoon,china,N/A,N/A,https://www.ic3.gov/CSA/2026/261008.pdf,AI generated. MD5 of offensive tool sqlmap.py from the actors' tooling repository per joint advisory AA26-281A.,AI agent,medium
file_hash_sha256,2ecb51d7fa3bc3fa7ad7df64c6d0cd1f4ff2b37ed6839d3cff529fb08af49fb0,2026-10-08,tool,Flax Typhoon,china,N/A,N/A,https://www.ic3.gov/CSA/2026/261008.pdf,AI generated. SHA256 of offensive tool sqlmap.py from the actors' tooling repository per joint advisory AA26-281A.,AI agent,medium
file_hash_md5,1b8e29b6b7972fb124425aaa257f8f6d,2026-10-08,tool,Flax Typhoon,china,N/A,N/A,https://www.ic3.gov/CSA/2026/261008.pdf,AI generated. MD5 of offensive tool wpscan from the actors' tooling repository per joint advisory AA26-281A.,AI agent,medium
file_hash_sha256,efb0437e6a6a0f07169952f1a8b734299ec9a8b1faadbed811fe017f2cf54976,2026-10-08,tool,Flax Typhoon,china,N/A,N/A,https://www.ic3.gov/CSA/2026/261008.pdf,AI generated. SHA256 of offensive tool wpscan from the actors' tooling repository per joint advisory AA26-281A.,AI agent,medium
file_hash_md5,4f61b9ab907f351bb40b37b10f4974d0,2026-10-08,malware,Flax Typhoon,china,unknown,Curlc4,https://www.ic3.gov/CSA/2026/261008.pdf,"AI generated. MD5 of curlc4.txt, a malicious file dropped by the actors per joint advisory AA26-281A.",AI agent,medium
file_hash_sha256,8b869a5edaff74ff18bca3658a519a19771e66d00ff7849af7a142dd6fc8da85,2026-10-08,malware,Flax Typhoon,china,unknown,Curlc4,https://www.ic3.gov/CSA/2026/261008.pdf,"AI generated. SHA256 of curlc4.txt, a malicious file dropped by the actors per joint advisory AA26-281A.",AI agent,medium
file_hash_md5,6d57c42dee8bd7789969e2dd28671162,2026-10-08,malware,Flax Typhoon,china,unknown,unknown,https://www.ic3.gov/CSA/2026/261008.pdf,"AI generated. MD5 of DiagTrack.exe, a malicious file dropped by the actors per joint advisory AA26-281A.",AI agent,medium
file_hash_sha256,804a53be802378a8ec4c94602fd3d6584e0d472d83148e8a42c731950fec415d,2026-10-08,malware,Flax Typhoon,china,unknown,unknown,https://www.ic3.gov/CSA/2026/261008.pdf,"AI generated. SHA256 of DiagTrack.exe, a malicious file dropped by the actors per joint advisory AA26-281A.",AI agent,medium
file_hash_md5,776807750280daad05348f931a33e4ef,2026-10-08,malware,Flax Typhoon,china,unknown,unknown,https://www.ic3.gov/CSA/2026/261008.pdf,"AI generated. MD5 of live700_v1.exe, a malicious file dropped by the actors per joint advisory AA26-281A.",AI agent,medium
file_hash_sha256,c4503db6ece93eddf4511e787607cb14606a1df9f526f1e39992497119437cec,2026-10-08,malware,Flax Typhoon,china,unknown,unknown,https://www.ic3.gov/CSA/2026/261008.pdf,"AI generated. SHA256 of live700_v1.exe, a malicious file dropped by the actors per joint advisory AA26-281A.",AI agent,medium
file_hash_md5,a973c0ab904c1b74655a906b99b76850,2026-10-08,abusefile,Flax Typhoon,china,N/A,N/A,https://www.ic3.gov/CSA/2026/261008.pdf,"AI generated. MD5 of conhost.exe, a renamed SoftEther VPN client installer dropped by the actors per joint advisory AA26-281A.",AI agent,medium
file_hash_sha256,b1552703ff0035f197c22cdb3a514bb6aa45ec98de3ef5409faab0978f18c35e,2026-10-08,abusefile,Flax Typhoon,china,N/A,N/A,https://www.ic3.gov/CSA/2026/261008.pdf,"AI generated. SHA256 of conhost.exe, a renamed SoftEther VPN client installer dropped by the actors per joint advisory AA26-281A.",AI agent,medium
file_hash_md5,f62cbbbdf35c7790909c26c7c5fbce05,2026-10-08,abusefile,Flax Typhoon,china,N/A,N/A,https://www.ic3.gov/CSA/2026/261008.pdf,"AI generated. MD5 of dllhost.exe, a renamed SoftEther VPN client installer dropped by the actors per joint advisory AA26-281A.",AI agent,medium
file_hash_sha256,8a592e22c51311d482272ec5aba0103c9cd0cfd78e5b5ba75dfa8f1c56926672,2026-10-08,abusefile,Flax Typhoon,china,N/A,N/A,https://www.ic3.gov/CSA/2026/261008.pdf,"AI generated. SHA256 of dllhost.exe, a renamed SoftEther VPN client installer dropped by the actors per joint advisory AA26-281A.",AI agent,medium
file_hash_md5,a05cdf6afcbb107961307f59cbab5e4f,2026-10-08,abusefile,Flax Typhoon,china,N/A,N/A,https://www.ic3.gov/CSA/2026/261008.pdf,"AI generated. MD5 of dllhost.exe, a renamed SoftEther VPN client installer dropped by the actors per joint advisory AA26-281A.",AI agent,medium
file_hash_sha256,86f1cfa6a2e0a8cb6fc1fbee28472308e6467932f8658a6a4885e29ed8c34a67,2026-10-08,abusefile,Flax Typhoon,china,N/A,N/A,https://www.ic3.gov/CSA/2026/261008.pdf,"AI generated. SHA256 of dllhost.exe, a renamed SoftEther VPN client installer dropped by the actors per joint advisory AA26-281A.",AI agent,medium
file_hash_md5,7d5a182f70bed0e4fa2f8615aba070de,2026-10-08,tool,Flax Typhoon,china,N/A,N/A,https://www.ic3.gov/CSA/2026/261008.pdf,"AI generated. MD5 of b.exe, a credential or information dumping tool dropped by the actors per joint advisory AA26-281A.",AI agent,medium
file_hash_sha256,e93244080a749b521f63476343ce3c81cc8c1b672fa0d9e67359aee37544c784,2026-10-08,tool,Flax Typhoon,china,N/A,N/A,https://www.ic3.gov/CSA/2026/261008.pdf,"AI generated. SHA256 of b.exe, a credential or information dumping tool dropped by the actors per joint advisory AA26-281A.",AI agent,medium
file_hash_md5,1bcaef76b2063f1b80b0fa0d277ec9c5,2026-10-08,tool,Flax Typhoon,china,N/A,N/A,https://www.ic3.gov/CSA/2026/261008.pdf,"AI generated. MD5 of dc.exe, a credential or information dumping tool dropped by the actors per joint advisory AA26-281A.",AI agent,medium
file_hash_sha256,9dc85f9569a15eaf51c7d34254767ea30dd67b2178cec4cc7125288b9544fe00,2026-10-08,tool,Flax Typhoon,china,N/A,N/A,https://www.ic3.gov/CSA/2026/261008.pdf,"AI generated. SHA256 of dc.exe, a credential or information dumping tool dropped by the actors per joint advisory AA26-281A.",AI agent,medium
file_hash_md5,4d33bfb75e27fefaa72526899604d557,2026-10-08,tool,Flax Typhoon,china,N/A,N/A,https://www.ic3.gov/CSA/2026/261008.pdf,"AI generated. MD5 of secretsdump.exe, a credential or information dumping tool dropped by the actors per joint advisory AA26-281A.",AI agent,medium
file_hash_sha256,644decbc6ce8c52382f4755fa6fc2cb4d89a0e7ec0e574c11b398a6f2eed04b1,2026-10-08,tool,Flax Typhoon,china,N/A,N/A,https://www.ic3.gov/CSA/2026/261008.pdf,"AI generated. SHA256 of secretsdump.exe, a credential or information dumping tool dropped by the actors per joint advisory AA26-281A.",AI agent,medium
file_hash_md5,fc6e8ca41cf4f6100177352660e520b4,2026-10-08,tool,Flax Typhoon,china,N/A,N/A,https://www.ic3.gov/CSA/2026/261008.pdf,"AI generated. MD5 of secretsdump.py, a credential or information dumping tool dropped by the actors per joint advisory AA26-281A.",AI agent,medium
file_hash_sha256,67db57a1f957031b78f29aa91e2e87780eae3835290259eff846d8f14afb794b,2026-10-08,tool,Flax Typhoon,china,N/A,N/A,https://www.ic3.gov/CSA/2026/261008.pdf,"AI generated. SHA256 of secretsdump.py, a credential or information dumping tool dropped by the actors per joint advisory AA26-281A.",AI agent,medium
ip,91.219.237.110,2026-10-08,c2,unknown,unknown,Havoc,unknown,https://blog.virustotal.com/2026/10/internet-scanning-in-vt.html,"AI generated. Server appearing in APT28 and Havoc C2 related collections, used as the pivot starting point.",AI agent,medium
ip,185.146.232.3,2026-10-08,unknown,unknown,unknown,unknown,unknown,https://blog.virustotal.com/2026/10/internet-scanning-in-vt.html,"AI generated. Server sharing the same SSH host key, nginx build and certificate as the pivot server.",AI agent,medium
ip,96.9.125.59,2026-10-08,unknown,unknown,unknown,unknown,unknown,https://blog.virustotal.com/2026/10/internet-scanning-in-vt.html,"AI generated. Likely retired server in the same cluster, found via the shared certificate.",AI agent,medium
domain,b4ck.my,2026-10-08,unknown,unknown,unknown,unknown,unknown,https://blog.virustotal.com/2026/10/internet-scanning-in-vt.html,AI generated. Certificate common name shared by the related servers in the pivot cluster.,AI agent,medium
url,https://5.175.221.206:8443/,2026-10-08,c2,unknown,unknown,NOX Stealer,stealer,https://blog.virustotal.com/2026/10/internet-scanning-in-vt.html,"AI generated. Operator login panel of NOX Stealer, later renamed BOMBAY Stealer.",AI agent,medium
ip,5.175.221.206,2026-10-08,c2,unknown,unknown,NOX Stealer,stealer,https://blog.virustotal.com/2026/10/internet-scanning-in-vt.html,AI generated. Host serving the NOX Stealer operator panel on port 8443.,AI agent,medium
domain,grabber.cy,2026-10-08,c2,unknown,unknown,NOX Stealer,stealer,https://blog.virustotal.com/2026/10/internet-scanning-in-vt.html,AI generated. Domain hosting NOX Stealer login pages behind Cloudflare.,AI agent,medium
domain,lumma.cy,2026-10-08,c2,unknown,unknown,NOX Stealer,stealer,https://blog.virustotal.com/2026/10/internet-scanning-in-vt.html,AI generated. Domain hosting NOX Stealer login pages behind Cloudflare.,AI agent,medium
ip,157.254.194.31,2026-10-08,c2,unknown,unknown,E4del,unknown,https://blog.virustotal.com/2026/10/internet-scanning-in-vt.html,AI generated. First stage FTP dead-drop server in the E4del chain.,AI agent,medium
ip,167.148.41.164,2026-10-08,c2,unknown,unknown,E4del,unknown,https://blog.virustotal.com/2026/10/internet-scanning-in-vt.html,AI generated. Next hop specified by the E4del FTP dead-drop banner.,AI agent,medium
ip,54.37.237.164,2026-10-08,c2,unknown,unknown,unknown,unknown,https://blog.virustotal.com/2026/10/internet-scanning-in-vt.html,AI generated. FTP server returning a malicious dead-drop banner.,AI agent,medium
ip,54.37.237.166,2026-10-08,c2,unknown,unknown,unknown,unknown,https://blog.virustotal.com/2026/10/internet-scanning-in-vt.html,AI generated. Next hop specified by an FTP dead-drop banner.,AI agent,medium
ip,51.89.199.125,2026-10-08,c2,unknown,unknown,unknown,unknown,https://blog.virustotal.com/2026/10/internet-scanning-in-vt.html,AI generated. FTP server returning a malicious dead-drop banner.,AI agent,medium
ip,51.89.199.118,2026-10-08,c2,unknown,unknown,unknown,unknown,https://blog.virustotal.com/2026/10/internet-scanning-in-vt.html,AI generated. Next hop specified by an FTP dead-drop banner.,AI agent,medium
ip,185.14.92.162,2026-10-08,c2,unknown,unknown,unknown,unknown,https://blog.virustotal.com/2026/10/internet-scanning-in-vt.html,AI generated. FTP server returning a malicious dead-drop banner.,AI agent,medium
ip,185.14.92.223,2026-10-08,c2,unknown,unknown,unknown,unknown,https://blog.virustotal.com/2026/10/internet-scanning-in-vt.html,AI generated. Next hop specified by an FTP dead-drop banner.,AI agent,medium
ip,45.87.41.133,2026-10-08,c2,unknown,unknown,PINHOLE,unknown,https://blog.virustotal.com/2026/10/internet-scanning-in-vt.html,AI generated. FTP server returning a PINHOLE related dead-drop banner.,AI agent,medium
ip,64.111.92.89,2026-10-08,c2,unknown,unknown,PINHOLE,unknown,https://blog.virustotal.com/2026/10/internet-scanning-in-vt.html,AI generated. Next hop specified by the PINHOLE related FTP dead-drop banner.,AI agent,medium
file_hash_sha1,b6569b0050b864c4a0d32326954bc2d3852a3958,2026-10-08,malware,UAC-0099,russia,MATCHBOIL,loader,https://www.welivesecurity.com/en/eset-research/matchboil-new-tricks-same-old-evil-intentions/,"AI generated. SHA1 of PlannerLibrary.dll, the MATCHBOIL DLL with C&C and persistence logic.",AI agent,medium
file_hash_sha1,a926889bab31f3c34663d18c05c4e862ef367028,2026-10-08,malware,UAC-0099,russia,MATCHBOIL,loader,https://www.welivesecurity.com/en/eset-research/matchboil-new-tricks-same-old-evil-intentions/,"AI generated. SHA1 of AnimalUpdater.exe, a MATCHBOIL downloader.",AI agent,medium
file_hash_sha1,026f892630d0a4fe854a75984695ba99af0022c4,2026-10-08,malware,UAC-0099,russia,MATCHBOIL,loader,https://www.welivesecurity.com/en/eset-research/matchboil-new-tricks-same-old-evil-intentions/,"AI generated. SHA1 of bootloader.exe, a MATCHBOIL downloader.",AI agent,medium
file_hash_sha1,f886b615cb9e23ead2718ff2a61155acfb04ce9e,2026-10-08,malware,UAC-0099,russia,MATCHBOIL,loader,https://www.welivesecurity.com/en/eset-research/matchboil-new-tricks-same-old-evil-intentions/,"AI generated. SHA1 of PlannerAssistantManager.exe, a MATCHBOIL downloader.",AI agent,medium
file_hash_sha1,1e2c4aac30edff86cd9a30bd08b199bcd3d0ccce,2026-10-08,malware,UAC-0099,russia,MATCHBOIL,loader,https://www.welivesecurity.com/en/eset-research/matchboil-new-tricks-same-old-evil-intentions/,"AI generated. SHA1 of PlannerAssistantManager.exe, a MATCHBOIL downloader.",AI agent,medium
file_hash_sha1,c85d28f7d272ce2bbbfb9dae71d21bf25b8d00fc,2026-10-08,malware,UAC-0099,russia,MATCHBOIL,loader,https://www.welivesecurity.com/en/eset-research/matchboil-new-tricks-same-old-evil-intentions/,"AI generated. SHA1 of RegularExpressionExplorer.exe, a MATCHBOIL downloader.",AI agent,medium
file_hash_sha1,6d72b56b86fd5ed9bd188c8c88cfc69476f836e7,2026-10-08,malware,UAC-0099,russia,MATCHBOIL,loader,https://www.welivesecurity.com/en/eset-research/matchboil-new-tricks-same-old-evil-intentions/,"AI generated. SHA1 of HelpersLibraries.dll, the DLL version of the MATCHBOIL downloader.",AI agent,medium
file_hash_sha1,050926727cdd74f0b3a8a098e60b76d10fb06b14,2026-10-08,malware,UAC-0099,russia,MATCHBOIL,loader,https://www.welivesecurity.com/en/eset-research/matchboil-new-tricks-same-old-evil-intentions/,AI generated. SHA1 of a MATCHBOIL DLL variant executed by a custom C# loader.,AI agent,medium
file_hash_sha1,b0393048f166d67cb7a2cdfae978b300af7b76b4,2026-10-08,malware,UAC-0099,russia,MATCHBOIL,loader,https://www.welivesecurity.com/en/eset-research/matchboil-new-tricks-same-old-evil-intentions/,AI generated. SHA1 of a MATCHBOIL sample referenced through the report's VirusTotal sample link.,AI agent,medium
domain,virtualdailyplanner.pro,2025-11-10,c2,UAC-0099,russia,MATCHBOIL,loader,https://www.welivesecurity.com/en/eset-research/matchboil-new-tricks-same-old-evil-intentions/,AI generated. MATCHBOIL C&C server hidden behind Cloudflare.,AI agent,medium
domain,telemetry-conf.com,2025-08-12,c2,UAC-0099,russia,MATCHBOIL,loader,https://www.welivesecurity.com/en/eset-research/matchboil-new-tricks-same-old-evil-intentions/,AI generated. MATCHBOIL C&C server hidden behind Cloudflare.,AI agent,medium
ip,64.95.10.223,2026-03-03,c2,UAC-0099,russia,MATCHBOIL,loader,https://www.welivesecurity.com/en/eset-research/matchboil-new-tricks-same-old-evil-intentions/,AI generated. VPS used as a MATCHBOIL C&C server.,AI agent,medium
domain,flycloud-service.com,2026-03-03,c2,UAC-0099,russia,MATCHBOIL,loader,https://www.welivesecurity.com/en/eset-research/matchboil-new-tricks-same-old-evil-intentions/,AI generated. MATCHBOIL C&C domain hosted on a VPS.,AI agent,medium
ip,64.95.13.210,2025-05-07,c2,UAC-0099,russia,MATCHBOIL,loader,https://www.welivesecurity.com/en/eset-research/matchboil-new-tricks-same-old-evil-intentions/,AI generated. VPS used as a MATCHBOIL C&C server.,AI agent,medium
domain,airarticlegenerate.com,2025-05-07,c2,UAC-0099,russia,MATCHBOIL,loader,https://www.welivesecurity.com/en/eset-research/matchboil-new-tricks-same-old-evil-intentions/,AI generated. MATCHBOIL C&C domain hosted on a VPS.,AI agent,medium
domain,api.weatherlive.world,2026-10-08,c2,unknown,unknown,Midnight Mimosa,trojan,https://www.bitdefender.com/en-us/blog/labs/midnight-mimosa-malware,AI generated. C2 domain used for module control and telemetry beaconing.,AI agent,medium
domain,oss.showtimetool.com,2026-10-08,payload-hosting,unknown,unknown,Midnight Mimosa,trojan,https://www.bitdefender.com/en-us/blog/labs/midnight-mimosa-malware,AI generated. Module and asset CDN serving plugin payloads disguised as PNG files.,AI agent,medium
ip,39.96.8.180,2026-10-08,c2,unknown,unknown,Midnight Mimosa,trojan,https://www.bitdefender.com/en-us/blog/labs/midnight-mimosa-malware,AI generated. Bug-report C2 endpoint of the DX/S1 framework.,AI agent,medium
ip,120.78.215.151,2026-10-08,c2,unknown,unknown,Midnight Mimosa,trojan,https://www.bitdefender.com/en-us/blog/labs/midnight-mimosa-malware,AI generated. Crash-report C2 endpoint of the embedded framework.,AI agent,medium
domain,0aa0cf0637d66c0d.com,2026-10-08,c2,unknown,unknown,Midnight Mimosa,proxyware,https://www.bitdefender.com/en-us/blog/labs/midnight-mimosa-malware,AI generated. Proxyware control host.,AI agent,medium
domain,aa86a52a98162b7d.com,2026-10-08,c2,unknown,unknown,Midnight Mimosa,proxyware,https://www.bitdefender.com/en-us/blog/labs/midnight-mimosa-malware,AI generated. Proxyware control host.,AI agent,medium
domain,442fe7151fb1e9b5.com,2026-10-08,c2,unknown,unknown,Midnight Mimosa,proxyware,https://www.bitdefender.com/en-us/blog/labs/midnight-mimosa-malware,AI generated. Proxyware control host.,AI agent,medium
domain,v46wd6uramzkmeeo.in,2026-10-08,c2,unknown,unknown,Midnight Mimosa,proxyware,https://www.bitdefender.com/en-us/blog/labs/midnight-mimosa-malware,AI generated. Proxyware control host.,AI agent,medium
domain,cgb.jingongbuxiao.com,2026-10-08,unknown,unknown,unknown,Midnight Mimosa,unknown,https://www.bitdefender.com/en-us/blog/labs/midnight-mimosa-malware,AI generated. Related lineage infrastructure reported alongside the campaign.,AI agent,medium
domain,5.ahd187.com,2026-10-08,unknown,unknown,unknown,Midnight Mimosa,unknown,https://www.bitdefender.com/en-us/blog/labs/midnight-mimosa-malware,AI generated. Related lineage infrastructure reported alongside the campaign.,AI agent,medium
domain,zhuifengzhe.top,2026-10-08,unknown,unknown,unknown,Midnight Mimosa,unknown,https://www.bitdefender.com/en-us/blog/labs/midnight-mimosa-malware,AI generated. Related lineage infrastructure reported alongside the campaign.,AI agent,medium
domain,fyapi.freeflightbird.com,2026-10-08,unknown,unknown,unknown,Midnight Mimosa,unknown,https://www.bitdefender.com/en-us/blog/labs/midnight-mimosa-malware,AI generated. Related lineage infrastructure reported alongside the campaign.,AI agent,medium
domain,newsadapi.zhuifengzhe.top,2026-10-08,unknown,unknown,unknown,Midnight Mimosa,unknown,https://www.bitdefender.com/en-us/blog/labs/midnight-mimosa-malware,AI generated. Related lineage infrastructure reported alongside the campaign.,AI agent,medium
file_hash_md5,0377ca97ac0ca35f9134052fede67a81,2026-10-08,malware,unknown,unknown,Midnight Mimosa,trojan,https://www.bitdefender.com/en-us/blog/labs/midnight-mimosa-malware,AI generated. MD5 of the com.android.gallery3d APK sample listed in the Midnight Mimosa IOC tables.,AI agent,medium
file_hash_md5,05ae89e761a890fa24f80f4be7263651,2026-10-08,malware,unknown,unknown,Midnight Mimosa,trojan,https://www.bitdefender.com/en-us/blog/labs/midnight-mimosa-malware,AI generated. MD5 of the com.android.browser APK sample listed in the Midnight Mimosa IOC tables.,AI agent,medium
file_hash_md5,079298a7a506b376def4f4ff9a250672,2026-10-08,malware,unknown,unknown,Midnight Mimosa,trojan,https://www.bitdefender.com/en-us/blog/labs/midnight-mimosa-malware,AI generated. MD5 of the com.mobile.applock.wt APK sample listed in the Midnight Mimosa IOC tables.,AI agent,medium
file_hash_md5,08d231c6a5303e543eb60d4181f6a4ea,2026-10-08,malware,unknown,unknown,Midnight Mimosa,trojan,https://www.bitdefender.com/en-us/blog/labs/midnight-mimosa-malware,AI generated. MD5 of the com.mobile.applock.en APK sample listed in the Midnight Mimosa IOC tables.,AI agent,medium
file_hash_md5,0903d7fd3e1d4a599a7eb3c5d356779b,2026-10-08,malware,unknown,unknown,Midnight Mimosa,trojan,https://www.bitdefender.com/en-us/blog/labs/midnight-mimosa-malware,AI generated. MD5 of the com.android.weiapps APK sample listed in the Midnight Mimosa IOC tables.,AI agent,medium
file_hash_md5,0a26a9d5f7ab91cb5eed852cf83ef078,2026-10-08,malware,unknown,unknown,Midnight Mimosa,trojan,https://www.bitdefender.com/en-us/blog/labs/midnight-mimosa-malware,AI generated. MD5 of the com.fe2bu1.wh APK sample listed in the Midnight Mimosa IOC tables.,AI agent,medium
file_hash_md5,0b0d8e995e6ff24d4e9d00417446c25e,2026-10-08,malware,unknown,unknown,Midnight Mimosa,trojan,https://www.bitdefender.com/en-us/blog/labs/midnight-mimosa-malware,AI generated. MD5 of the com.android.gallery3d APK sample listed in the Midnight Mimosa IOC tables.,AI agent,medium
file_hash_md5,0b8d3cd264c191f4884a25d0cc5318b5,2026-10-08,malware,unknown,unknown,Midnight Mimosa,trojan,https://www.bitdefender.com/en-us/blog/labs/midnight-mimosa-malware,AI generated. MD5 of the com.cool.weather.yl APK sample listed in the Midnight Mimosa IOC tables.,AI agent,medium
file_hash_md5,1150da1af88729e54a34b8da5a2741c7,2026-10-08,malware,unknown,unknown,Midnight Mimosa,trojan,https://www.bitdefender.com/en-us/blog/labs/midnight-mimosa-malware,AI generated. MD5 of the com.dl.guard.lock APK sample listed in the Midnight Mimosa IOC tables.,AI agent,medium
file_hash_md5,1414d4ef2d1191080abc59a407dcb6c5,2026-10-08,malware,unknown,unknown,Midnight Mimosa,trojan,https://www.bitdefender.com/en-us/blog/labs/midnight-mimosa-malware,AI generated. MD5 of the com.android.gallery3d APK sample listed in the Midnight Mimosa IOC tables.,AI agent,medium
file_hash_md5,145b806282d247441751bb4957b71606,2026-10-08,malware,unknown,unknown,Midnight Mimosa,trojan,https://www.bitdefender.com/en-us/blog/labs/midnight-mimosa-malware,AI generated. MD5 of the com.audify.editor.pro APK sample listed in the Midnight Mimosa IOC tables.,AI agent,medium
file_hash_md5,1da42505f1c83959c7f901f5139a158e,2026-10-08,malware,unknown,unknown,Midnight Mimosa,trojan,https://www.bitdefender.com/en-us/blog/labs/midnight-mimosa-malware,AI generated. MD5 of the com.android.browser APK sample listed in the Midnight Mimosa IOC tables.,AI agent,medium
file_hash_md5,20108557cacd24263e7e611afc327801,2026-10-08,malware,unknown,unknown,Midnight Mimosa,trojan,https://www.bitdefender.com/en-us/blog/labs/midnight-mimosa-malware,AI generated. MD5 of the com.mobile.applock.wg APK sample listed in the Midnight Mimosa IOC tables.,AI agent,medium
file_hash_md5,20cefb2c667f945d482daded7e698eea,2026-10-08,malware,unknown,unknown,Midnight Mimosa,trojan,https://www.bitdefender.com/en-us/blog/labs/midnight-mimosa-malware,AI generated. MD5 of the com.mobile.applock.wt APK sample listed in the Midnight Mimosa IOC tables.,AI agent,medium
file_hash_md5,250205ee4b8de59e60c745856f439608,2026-10-08,malware,unknown,unknown,Midnight Mimosa,trojan,https://www.bitdefender.com/en-us/blog/labs/midnight-mimosa-malware,AI generated. MD5 of the com.android.non.szcz APK sample listed in the Midnight Mimosa IOC tables.,AI agent,medium
file_hash_md5,254bc5f6f81de1f3c47534e6febaf023,2026-10-08,malware,unknown,unknown,Midnight Mimosa,trojan,https://www.bitdefender.com/en-us/blog/labs/midnight-mimosa-malware,AI generated. MD5 of the com.mobile.applock.wt APK sample listed in the Midnight Mimosa IOC tables.,AI agent,medium
file_hash_md5,294ab3f586d76772ae89add417cf6324,2026-10-08,malware,unknown,unknown,Midnight Mimosa,trojan,https://www.bitdefender.com/en-us/blog/labs/midnight-mimosa-malware,AI generated. MD5 of the com.fe2bu1.wh APK sample listed in the Midnight Mimosa IOC tables.,AI agent,medium
file_hash_md5,2b784622422f4280e0b3e38b30dd87bc,2026-10-08,malware,unknown,unknown,Midnight Mimosa,trojan,https://www.bitdefender.com/en-us/blog/labs/midnight-mimosa-malware,AI generated. MD5 of the com.android.sys.gmsprot APK sample listed in the Midnight Mimosa IOC tables.,AI agent,medium
file_hash_md5,2b7f1a7d5f5515c05d0c8e3857155ae2,2026-10-08,malware,unknown,unknown,Midnight Mimosa,trojan,https://www.bitdefender.com/en-us/blog/labs/midnight-mimosa-malware,AI generated. MD5 of the com.android.sys.prot APK sample listed in the Midnight Mimosa IOC tables.,AI agent,medium
file_hash_md5,2c77653b889dfccd649b82446f8c0d1b,2026-10-08,malware,unknown,unknown,Midnight Mimosa,trojan,https://www.bitdefender.com/en-us/blog/labs/midnight-mimosa-malware,AI generated. MD5 of the com.android.deskclock APK sample listed in the Midnight Mimosa IOC tables.,AI agent,medium
file_hash_md5,2de346602433cdd1668f36b2e9db0be1,2026-10-08,malware,unknown,unknown,Midnight Mimosa,trojan,https://www.bitdefender.com/en-us/blog/labs/midnight-mimosa-malware,AI generated. MD5 of the com.mobile.applock.xk1 APK sample listed in the Midnight Mimosa IOC tables.,AI agent,medium
file_hash_md5,31b3280f1c0836c39c470932cf6c3e6f,2026-10-08,malware,unknown,unknown,Midnight Mimosa,trojan,https://www.bitdefender.com/en-us/blog/labs/midnight-mimosa-malware,AI generated. MD5 of the com.mobile.applock.wt APK sample listed in the Midnight Mimosa IOC tables.,AI agent,medium
file_hash_md5,33b2d3ec9a35cfb0b5a5d7b24ce4140e,2026-10-08,malware,unknown,unknown,Midnight Mimosa,trojan,https://www.bitdefender.com/en-us/blog/labs/midnight-mimosa-malware,AI generated. MD5 of the com.cool.weather.yl APK sample listed in the Midnight Mimosa IOC tables.,AI agent,medium
file_hash_md5,345057421c7d9ac2b671c47449f35030,2026-10-08,malware,unknown,unknown,Midnight Mimosa,trojan,https://www.bitdefender.com/en-us/blog/labs/midnight-mimosa-malware,AI generated. MD5 of the com.android.gallery3d APK sample listed in the Midnight Mimosa IOC tables.,AI agent,medium
file_hash_md5,36deebfcda4012d18706cd170c1edf1f,2026-10-08,malware,unknown,unknown,Midnight Mimosa,trojan,https://www.bitdefender.com/en-us/blog/labs/midnight-mimosa-malware,AI generated. MD5 of the com.android.gallery3d APK sample listed in the Midnight Mimosa IOC tables.,AI agent,medium
file_hash_md5,36f9e8cf47a28f9803fba427cf02a25c,2026-10-08,malware,unknown,unknown,Midnight Mimosa,trojan,https://www.bitdefender.com/en-us/blog/labs/midnight-mimosa-malware,AI generated. MD5 of the com.dl.guard.lock APK sample listed in the Midnight Mimosa IOC tables.,AI agent,medium
file_hash_md5,37f18a20b9cf32e6f07450e903eaad7c,2026-10-08,malware,unknown,unknown,Midnight Mimosa,trojan,https://www.bitdefender.com/en-us/blog/labs/midnight-mimosa-malware,AI generated. MD5 of the com.android.gallery3d APK sample listed in the Midnight Mimosa IOC tables.,AI agent,medium
file_hash_md5,387f7af167530486adcf3d8546063462,2026-10-08,malware,unknown,unknown,Midnight Mimosa,trojan,https://www.bitdefender.com/en-us/blog/labs/midnight-mimosa-malware,AI generated. MD5 of the com.go.weather.mot APK sample listed in the Midnight Mimosa IOC tables.,AI agent,medium
file_hash_md5,3b20edff1125e146aa3d5153708b58f4,2026-10-08,malware,unknown,unknown,Midnight Mimosa,trojan,https://www.bitdefender.com/en-us/blog/labs/midnight-mimosa-malware,AI generated. MD5 of the appicon.diy.tools.prop APK sample listed in the Midnight Mimosa IOC tables.,AI agent,medium
file_hash_md5,3b35d3c5667136134b20a8411803c97d,2026-10-08,malware,unknown,unknown,Midnight Mimosa,trojan,https://www.bitdefender.com/en-us/blog/labs/midnight-mimosa-malware,AI generated. MD5 of the com.mobile.applock.wt APK sample listed in the Midnight Mimosa IOC tables.,AI agent,medium
file_hash_md5,3bb270d4927e2a8385793d9084a92fd3,2026-10-08,malware,unknown,unknown,Midnight Mimosa,trojan,https://www.bitdefender.com/en-us/blog/labs/midnight-mimosa-malware,AI generated. MD5 of the com.cool.weather.yl APK sample listed in the Midnight Mimosa IOC tables.,AI agent,medium
file_hash_md5,3bc159537c909fa86bcc55eda127b5aa,2026-10-08,malware,unknown,unknown,Midnight Mimosa,trojan,https://www.bitdefender.com/en-us/blog/labs/midnight-mimosa-malware,AI generated. MD5 of the com.mobile.applock.wt APK sample listed in the Midnight Mimosa IOC tables.,AI agent,medium
file_hash_md5,3c098465af131141996ff840bd34e791,2026-10-08,malware,unknown,unknown,Midnight Mimosa,trojan,https://www.bitdefender.com/en-us/blog/labs/midnight-mimosa-malware,AI generated. MD5 of the com.prorestore.qr APK sample listed in the Midnight Mimosa IOC tables.,AI agent,medium
file_hash_md5,3d3358b1057b1bfbd7e60577d8a31e0c,2026-10-08,malware,unknown,unknown,Midnight Mimosa,trojan,https://www.bitdefender.com/en-us/blog/labs/midnight-mimosa-malware,AI generated. MD5 of the com.android.sys.prot APK sample listed in the Midnight Mimosa IOC tables.,AI agent,medium
file_hash_md5,42a9f64e75911c167ec7a163e8b24920,2026-10-08,malware,unknown,unknown,Midnight Mimosa,trojan,https://www.bitdefender.com/en-us/blog/labs/midnight-mimosa-malware,AI generated. MD5 of the com.mobile.applock.wt APK sample listed in the Midnight Mimosa IOC tables.,AI agent,medium
file_hash_md5,4507363415e7dc6d2cab14eeed137f6c,2026-10-08,malware,unknown,unknown,Midnight Mimosa,trojan,https://www.bitdefender.com/en-us/blog/labs/midnight-mimosa-malware,AI generated. MD5 of the com.android.gallery3d APK sample listed in the Midnight Mimosa IOC tables.,AI agent,medium
file_hash_md5,4521a5bbe0f33a15da86bd80ff5d6d9c,2026-10-08,malware,unknown,unknown,Midnight Mimosa,trojan,https://www.bitdefender.com/en-us/blog/labs/midnight-mimosa-malware,AI generated. MD5 of the picturetranslate.extractor.text.lite APK sample listed in the Midnight Mimosa IOC tables.,AI agent,medium
file_hash_md5,4a171f62d1bab01827b06ae73d4caafa,2026-10-08,malware,unknown,unknown,Midnight Mimosa,trojan,https://www.bitdefender.com/en-us/blog/labs/midnight-mimosa-malware,AI generated. MD5 of the com.mobile.applock.wt APK sample listed in the Midnight Mimosa IOC tables.,AI agent,medium
file_hash_md5,4e46549122c0236307c5eef8891466f5,2026-10-08,malware,unknown,unknown,Midnight Mimosa,trojan,https://www.bitdefender.com/en-us/blog/labs/midnight-mimosa-malware,AI generated. MD5 of the com.cool.weather.yl APK sample listed in the Midnight Mimosa IOC tables.,AI agent,medium
file_hash_md5,4f7d3c5859100d65ff02449884841b9c,2026-10-08,malware,unknown,unknown,Midnight Mimosa,trojan,https://www.bitdefender.com/en-us/blog/labs/midnight-mimosa-malware,AI generated. MD5 of the com.tst.blank APK sample listed in the Midnight Mimosa IOC tables.,AI agent,medium
file_hash_md5,50e9cdc3ed145bbc688356eda07f8eb3,2026-10-08,malware,unknown,unknown,Midnight Mimosa,trojan,https://www.bitdefender.com/en-us/blog/labs/midnight-mimosa-malware,AI generated. MD5 of the com.tst.blank APK sample listed in the Midnight Mimosa IOC tables.,AI agent,medium
file_hash_md5,512a6db4a22244272826f39da020fb44,2026-10-08,malware,unknown,unknown,Midnight Mimosa,trojan,https://www.bitdefender.com/en-us/blog/labs/midnight-mimosa-malware,AI generated. MD5 of the com.android.gallery3d APK sample listed in the Midnight Mimosa IOC tables.,AI agent,medium
file_hash_md5,5400ffac371c5e5c9b7f3705ce9faca5,2026-10-08,malware,unknown,unknown,Midnight Mimosa,trojan,https://www.bitdefender.com/en-us/blog/labs/midnight-mimosa-malware,AI generated. MD5 of the com.message.recovery.prorestore APK sample listed in the Midnight Mimosa IOC tables.,AI agent,medium
file_hash_md5,542ab80429ec42e8643dc645f58b716c,2026-10-08,malware,unknown,unknown,Midnight Mimosa,trojan,https://www.bitdefender.com/en-us/blog/labs/midnight-mimosa-malware,AI generated. MD5 of the com.dmstudio.weather APK sample listed in the Midnight Mimosa IOC tables.,AI agent,medium
file_hash_md5,5b3a49938f455d1197736971c4c07228,2026-10-08,malware,unknown,unknown,Midnight Mimosa,trojan,https://www.bitdefender.com/en-us/blog/labs/midnight-mimosa-malware,AI generated. MD5 of the com.android.gallery3d APK sample listed in the Midnight Mimosa IOC tables.,AI agent,medium
file_hash_md5,5d29e9b24708c3ec36d1d59036124838,2026-10-08,malware,unknown,unknown,Midnight Mimosa,trojan,https://www.bitdefender.com/en-us/blog/labs/midnight-mimosa-malware,AI generated. MD5 of the com.android.deskclock APK sample listed in the Midnight Mimosa IOC tables.,AI agent,medium
file_hash_md5,60bc23d3d453f258e2c4ca421cd086a9,2026-10-08,malware,unknown,unknown,Midnight Mimosa,trojan,https://www.bitdefender.com/en-us/blog/labs/midnight-mimosa-malware,AI generated. MD5 of the com.android.system.lite APK sample listed in the Midnight Mimosa IOC tables.,AI agent,medium
file_hash_md5,61aac6a98abd6dcff0dc41bb88159786,2026-10-08,malware,unknown,unknown,Midnight Mimosa,trojan,https://www.bitdefender.com/en-us/blog/labs/midnight-mimosa-malware,AI generated. MD5 of the com.android.sys.dts APK sample listed in the Midnight Mimosa IOC tables.,AI agent,medium
file_hash_md5,642d84ed5660407b972f1df642acb192,2026-10-08,malware,unknown,unknown,Midnight Mimosa,trojan,https://www.bitdefender.com/en-us/blog/labs/midnight-mimosa-malware,AI generated. MD5 of the com.cool.weather.yl APK sample listed in the Midnight Mimosa IOC tables.,AI agent,medium
file_hash_md5,66c6512b9a73425aba40c8bfa95d23a0,2026-10-08,malware,unknown,unknown,Midnight Mimosa,trojan,https://www.bitdefender.com/en-us/blog/labs/midnight-mimosa-malware,AI generated. MD5 of the com.mobile.applock.wt APK sample listed in the Midnight Mimosa IOC tables.,AI agent,medium
file_hash_md5,6739fe083cfa8dec9b4f989ccba0e99e,2026-10-08,malware,unknown,unknown,Midnight Mimosa,trojan,https://www.bitdefender.com/en-us/blog/labs/midnight-mimosa-malware,AI generated. MD5 of the com.dl.guard.lock APK sample listed in the Midnight Mimosa IOC tables.,AI agent,medium
file_hash_md5,6aca76699ec0bb8e51372d5c68c8359b,2026-10-08,malware,unknown,unknown,Midnight Mimosa,trojan,https://www.bitdefender.com/en-us/blog/labs/midnight-mimosa-malware,AI generated. MD5 of the com.android.gallery3d APK sample listed in the Midnight Mimosa IOC tables.,AI agent,medium
file_hash_md5,6df909898f5f1394e78508d1152fab38,2026-10-08,malware,unknown,unknown,Midnight Mimosa,trojan,https://www.bitdefender.com/en-us/blog/labs/midnight-mimosa-malware,AI generated. MD5 of the com.mobile.applock.wt APK sample listed in the Midnight Mimosa IOC tables.,AI agent,medium
file_hash_md5,6ee2be3e5558085b532dacc8db61f3e9,2026-10-08,malware,unknown,unknown,Midnight Mimosa,trojan,https://www.bitdefender.com/en-us/blog/labs/midnight-mimosa-malware,AI generated. MD5 of the com.mobile.applock.wt APK sample listed in the Midnight Mimosa IOC tables.,AI agent,medium
file_hash_md5,6eea0568d5cc776ae03e09149cec3cd8,2026-10-08,malware,unknown,unknown,Midnight Mimosa,trojan,https://www.bitdefender.com/en-us/blog/labs/midnight-mimosa-malware,AI generated. MD5 of the com.mobile.applock.wt APK sample listed in the Midnight Mimosa IOC tables.,AI agent,medium
file_hash_md5,7322d8a65a56a7ab09f4d526cb343e3d,2026-10-08,malware,unknown,unknown,Midnight Mimosa,trojan,https://www.bitdefender.com/en-us/blog/labs/midnight-mimosa-malware,AI generated. MD5 of the com.awht.zfip.zfyg APK sample listed in the Midnight Mimosa IOC tables.,AI agent,medium
file_hash_md5,7400c34f7c6f866499029f5e759f58bd,2026-10-08,malware,unknown,unknown,Midnight Mimosa,trojan,https://www.bitdefender.com/en-us/blog/labs/midnight-mimosa-malware,AI generated. MD5 of the com.android.sys.prot APK sample listed in the Midnight Mimosa IOC tables.,AI agent,medium
file_hash_md5,7469c9c06e5f324ca608e0140156bbad,2026-10-08,malware,unknown,unknown,Midnight Mimosa,trojan,https://www.bitdefender.com/en-us/blog/labs/midnight-mimosa-malware,AI generated. MD5 of the org.life.goal.tools APK sample listed in the Midnight Mimosa IOC tables.,AI agent,medium
file_hash_md5,765d3ce85a6393d05973c4cfa7738116,2026-10-08,malware,unknown,unknown,Midnight Mimosa,trojan,https://www.bitdefender.com/en-us/blog/labs/midnight-mimosa-malware,AI generated. MD5 of the com.mobile.applock.wt APK sample listed in the Midnight Mimosa IOC tables.,AI agent,medium
file_hash_md5,7f7747575980098bdc98e7b7aa362697,2026-10-08,malware,unknown,unknown,Midnight Mimosa,trojan,https://www.bitdefender.com/en-us/blog/labs/midnight-mimosa-malware,AI generated. MD5 of the com.mobile.applock.en APK sample listed in the Midnight Mimosa IOC tables.,AI agent,medium
file_hash_md5,815b910f1efc95f38ba0c5b12c4f2129,2026-10-08,malware,unknown,unknown,Midnight Mimosa,trojan,https://www.bitdefender.com/en-us/blog/labs/midnight-mimosa-malware,AI generated. MD5 of the com.android.gallery3d APK sample listed in the Midnight Mimosa IOC tables.,AI agent,medium
file_hash_md5,836739fe7196437d8e998245b6f2b3b4,2026-10-08,malware,unknown,unknown,Midnight Mimosa,trojan,https://www.bitdefender.com/en-us/blog/labs/midnight-mimosa-malware,AI generated. MD5 of the picturetranslate.extractor.text.lite APK sample listed in the Midnight Mimosa IOC tables.,AI agent,medium
file_hash_md5,838dc8fcde1b28171e404ece1cfcde44,2026-10-08,malware,unknown,unknown,Midnight Mimosa,trojan,https://www.bitdefender.com/en-us/blog/labs/midnight-mimosa-malware,AI generated. MD5 of the com.arabmusic.tap.aghani_tamerhosny APK sample listed in the Midnight Mimosa IOC tables.,AI agent,medium
file_hash_md5,879168159c155758dbfd7a76e8f21548,2026-10-08,malware,unknown,unknown,Midnight Mimosa,trojan,https://www.bitdefender.com/en-us/blog/labs/midnight-mimosa-malware,AI generated. MD5 of the com.notemaster.record.mark APK sample listed in the Midnight Mimosa IOC tables.,AI agent,medium
file_hash_md5,8ec360829f4f7ae8dcae47c02b996762,2026-10-08,malware,unknown,unknown,Midnight Mimosa,trojan,https://www.bitdefender.com/en-us/blog/labs/midnight-mimosa-malware,AI generated. MD5 of the picturetranslate.extractor.text.lite APK sample listed in the Midnight Mimosa IOC tables.,AI agent,medium
file_hash_md5,90e0d27d808105167fdaa3a22b918217,2026-10-08,malware,unknown,unknown,Midnight Mimosa,trojan,https://www.bitdefender.com/en-us/blog/labs/midnight-mimosa-malware,AI generated. MD5 of the com.mobile.applock.wt APK sample listed in the Midnight Mimosa IOC tables.,AI agent,medium
file_hash_md5,92390cacdd20d2ee5405093669e7302c,2026-10-08,malware,unknown,unknown,Midnight Mimosa,trojan,https://www.bitdefender.com/en-us/blog/labs/midnight-mimosa-malware,AI generated. MD5 of the com.solide.filemanager.lte APK sample listed in the Midnight Mimosa IOC tables.,AI agent,medium
file_hash_md5,92f2fd8bcccc8ec4ffa64c7f6b3b9b8d,2026-10-08,malware,unknown,unknown,Midnight Mimosa,trojan,https://www.bitdefender.com/en-us/blog/labs/midnight-mimosa-malware,AI generated. MD5 of the com.message.recovery.prorestore APK sample listed in the Midnight Mimosa IOC tables.,AI agent,medium
file_hash_md5,998e9010e5dfc4e4645f5572cbbe5b53,2026-10-08,malware,unknown,unknown,Midnight Mimosa,trojan,https://www.bitdefender.com/en-us/blog/labs/midnight-mimosa-malware,AI generated. MD5 of the com.android.deskclock APK sample listed in the Midnight Mimosa IOC tables.,AI agent,medium
file_hash_md5,9a3d04aa36654b5c4b21edd22e46f92d,2026-10-08,malware,unknown,unknown,Midnight Mimosa,trojan,https://www.bitdefender.com/en-us/blog/labs/midnight-mimosa-malware,AI generated. MD5 of the com.cool.weather.yl APK sample listed in the Midnight Mimosa IOC tables.,AI agent,medium
file_hash_md5,9a46098de785ae732e5fced55a2f3063,2026-10-08,malware,unknown,unknown,Midnight Mimosa,trojan,https://www.bitdefender.com/en-us/blog/labs/midnight-mimosa-malware,AI generated. MD5 of the com.fb.w.weather APK sample listed in the Midnight Mimosa IOC tables.,AI agent,medium
file_hash_md5,9e7b34e63d8d38e37667f88a945ae69a,2026-10-08,malware,unknown,unknown,Midnight Mimosa,trojan,https://www.bitdefender.com/en-us/blog/labs/midnight-mimosa-malware,AI generated. MD5 of the com.mobile.applock.wt APK sample listed in the Midnight Mimosa IOC tables.,AI agent,medium
file_hash_md5,9f1e2249003ab22cf8a38048e0ff6f6c,2026-10-08,malware,unknown,unknown,Midnight Mimosa,trojan,https://www.bitdefender.com/en-us/blog/labs/midnight-mimosa-malware,AI generated. MD5 of the com.tst.blank APK sample listed in the Midnight Mimosa IOC tables.,AI agent,medium
file_hash_md5,a02f28387527abe90d73d2879f671972,2026-10-08,malware,unknown,unknown,Midnight Mimosa,trojan,https://www.bitdefender.com/en-us/blog/labs/midnight-mimosa-malware,AI generated. MD5 of the com.mobile.applock.wt APK sample listed in the Midnight Mimosa IOC tables.,AI agent,medium
file_hash_md5,a13af0174bc211709e8b73bf60492a17,2026-10-08,malware,unknown,unknown,Midnight Mimosa,trojan,https://www.bitdefender.com/en-us/blog/labs/midnight-mimosa-malware,AI generated. MD5 of the com.fe2bu1.wh APK sample listed in the Midnight Mimosa IOC tables.,AI agent,medium
file_hash_md5,a147cd8f72aadfcf78f7723db6813e86,2026-10-08,malware,unknown,unknown,Midnight Mimosa,trojan,https://www.bitdefender.com/en-us/blog/labs/midnight-mimosa-malware,AI generated. MD5 of the com.android.browser APK sample listed in the Midnight Mimosa IOC tables.,AI agent,medium
file_hash_md5,a57a1ba15364dfb35d334f644d7049e8,2026-10-08,malware,unknown,unknown,Midnight Mimosa,trojan,https://www.bitdefender.com/en-us/blog/labs/midnight-mimosa-malware,AI generated. MD5 of the com.mb.applock.a02 APK sample listed in the Midnight Mimosa IOC tables.,AI agent,medium
file_hash_md5,a8847b68428fde206b6dff8001051f92,2026-10-08,related-file,unknown,unknown,Midnight Mimosa,trojan,https://www.bitdefender.com/en-us/blog/labs/midnight-mimosa-malware,"AI generated. MD5 of libeasy.so, the native core component of the campaign's hex framework.",AI agent,medium
file_hash_md5,aac942aaf6ec0773cbac87fde4a6b284,2026-10-08,malware,unknown,unknown,Midnight Mimosa,trojan,https://www.bitdefender.com/en-us/blog/labs/midnight-mimosa-malware,AI generated. MD5 of the com.mobile.applock.wg APK sample listed in the Midnight Mimosa IOC tables.,AI agent,medium
file_hash_md5,ab8d6be686ca9413e27a11e85f9cef1a,2026-10-08,malware,unknown,unknown,Midnight Mimosa,trojan,https://www.bitdefender.com/en-us/blog/labs/midnight-mimosa-malware,AI generated. MD5 of the com.message.recovery.prorestore APK sample listed in the Midnight Mimosa IOC tables.,AI agent,medium
file_hash_md5,abe12db77a62ecb99d6ab5dc4fff18c7,2026-10-08,malware,unknown,unknown,Midnight Mimosa,trojan,https://www.bitdefender.com/en-us/blog/labs/midnight-mimosa-malware,AI generated. MD5 of the com.mobile.applock.wt APK sample listed in the Midnight Mimosa IOC tables.,AI agent,medium
file_hash_md5,ac8957a474f8aa812c7b233aafde4723,2026-10-08,malware,unknown,unknown,Midnight Mimosa,trojan,https://www.bitdefender.com/en-us/blog/labs/midnight-mimosa-malware,AI generated. MD5 of the appicon.diy.tools.prop APK sample listed in the Midnight Mimosa IOC tables.,AI agent,medium
file_hash_md5,af16072864ae0f9d755f8cf00fded359,2026-10-08,malware,unknown,unknown,Midnight Mimosa,trojan,https://www.bitdefender.com/en-us/blog/labs/midnight-mimosa-malware,AI generated. MD5 of the appicon.diy.tools.prop APK sample listed in the Midnight Mimosa IOC tables.,AI agent,medium
file_hash_md5,af7f1eef22bf5ee3d0a394f53ba7e1b8,2026-10-08,malware,unknown,unknown,Midnight Mimosa,trojan,https://www.bitdefender.com/en-us/blog/labs/midnight-mimosa-malware,AI generated. MD5 of the com.arabmusic.tap.aghani_tamerhosny APK sample listed in the Midnight Mimosa IOC tables.,AI agent,medium
file_hash_md5,b3a4405d1b8d43545d07b10581008d32,2026-10-08,malware,unknown,unknown,Midnight Mimosa,trojan,https://www.bitdefender.com/en-us/blog/labs/midnight-mimosa-malware,AI generated. MD5 of the com.android.deskclock APK sample listed in the Midnight Mimosa IOC tables.,AI agent,medium
file_hash_md5,b6c5f7dfaf9d47cd67380a48df5e1731,2026-10-08,malware,unknown,unknown,Midnight Mimosa,trojan,https://www.bitdefender.com/en-us/blog/labs/midnight-mimosa-malware,AI generated. MD5 of the com.notemaster.record.mark APK sample listed in the Midnight Mimosa IOC tables.,AI agent,medium
file_hash_md5,b7d0d5ae09b0d2d2f999c1087c450456,2026-10-08,malware,unknown,unknown,Midnight Mimosa,trojan,https://www.bitdefender.com/en-us/blog/labs/midnight-mimosa-malware,AI generated. MD5 of the com.cool.weather.yl APK sample listed in the Midnight Mimosa IOC tables.,AI agent,medium
file_hash_md5,b862681953e945439167a736ba4cd41b,2026-10-08,malware,unknown,unknown,Midnight Mimosa,trojan,https://www.bitdefender.com/en-us/blog/labs/midnight-mimosa-malware,AI generated. MD5 of the com.android.system.lite APK sample listed in the Midnight Mimosa IOC tables.,AI agent,medium
file_hash_md5,b974ef4106af6b932df352563a9b8b3c,2026-10-08,malware,unknown,unknown,Midnight Mimosa,trojan,https://www.bitdefender.com/en-us/blog/labs/midnight-mimosa-malware,AI generated. MD5 of the com.fe2bu1.wh APK sample listed in the Midnight Mimosa IOC tables.,AI agent,medium
file_hash_md5,be22c91b4578ac2357a16133615df335,2026-10-08,malware,unknown,unknown,Midnight Mimosa,trojan,https://www.bitdefender.com/en-us/blog/labs/midnight-mimosa-malware,AI generated. MD5 of the com.android.settings APK sample listed in the Midnight Mimosa IOC tables.,AI agent,medium
file_hash_md5,c55c9d7e12cc273b812ceffca8f62d4b,2026-10-08,malware,unknown,unknown,Midnight Mimosa,trojan,https://www.bitdefender.com/en-us/blog/labs/midnight-mimosa-malware,AI generated. MD5 of the com.energy.appstore APK sample listed in the Midnight Mimosa IOC tables.,AI agent,medium
file_hash_md5,c75ec7f3bcbc879aae9a21ad544d3232,2026-10-08,malware,unknown,unknown,Midnight Mimosa,trojan,https://www.bitdefender.com/en-us/blog/labs/midnight-mimosa-malware,AI generated. MD5 of the com.android.gallery3d APK sample listed in the Midnight Mimosa IOC tables.,AI agent,medium
file_hash_md5,c8ea2a7c1f52c4c2474475c28373ee27,2026-10-08,malware,unknown,unknown,Midnight Mimosa,trojan,https://www.bitdefender.com/en-us/blog/labs/midnight-mimosa-malware,AI generated. MD5 of the com.dl.guard.lock APK sample listed in the Midnight Mimosa IOC tables.,AI agent,medium
file_hash_md5,ca7e2d265fc35aede432c4636a2cf4cb,2026-10-08,malware,unknown,unknown,Midnight Mimosa,trojan,https://www.bitdefender.com/en-us/blog/labs/midnight-mimosa-malware,AI generated. MD5 of the com.dl.guard.lock APK sample listed in the Midnight Mimosa IOC tables.,AI agent,medium
file_hash_md5,cb19dbf279a3488aec76c17e8e122c14,2026-10-08,malware,unknown,unknown,Midnight Mimosa,trojan,https://www.bitdefender.com/en-us/blog/labs/midnight-mimosa-malware,AI generated. MD5 of the com.notemaster.record.mark APK sample listed in the Midnight Mimosa IOC tables.,AI agent,medium
file_hash_md5,cde0490e11db8ad54737c1df59ec658b,2026-10-08,malware,unknown,unknown,Midnight Mimosa,trojan,https://www.bitdefender.com/en-us/blog/labs/midnight-mimosa-malware,AI generated. MD5 of the com.mb.applock.ea APK sample listed in the Midnight Mimosa IOC tables.,AI agent,medium
file_hash_md5,cdfcc848e16660d607aba6ecf24567f4,2026-10-08,malware,unknown,unknown,Midnight Mimosa,trojan,https://www.bitdefender.com/en-us/blog/labs/midnight-mimosa-malware,AI generated. MD5 of the com.cool.weather.yl APK sample listed in the Midnight Mimosa IOC tables.,AI agent,medium
file_hash_md5,cf20de9d9ddc952bb2265002d26a916f,2026-10-08,malware,unknown,unknown,Midnight Mimosa,trojan,https://www.bitdefender.com/en-us/blog/labs/midnight-mimosa-malware,AI generated. MD5 of the com.mobile.applock.wg APK sample listed in the Midnight Mimosa IOC tables.,AI agent,medium
file_hash_md5,cf4f24fdd283f80313565b08fea9d06d,2026-10-08,malware,unknown,unknown,Midnight Mimosa,trojan,https://www.bitdefender.com/en-us/blog/labs/midnight-mimosa-malware,AI generated. MD5 of the com.audify.editor.pro APK sample listed in the Midnight Mimosa IOC tables.,AI agent,medium
file_hash_md5,d145b14b9cc15799485f2592b2c16d9a,2026-10-08,malware,unknown,unknown,Midnight Mimosa,trojan,https://www.bitdefender.com/en-us/blog/labs/midnight-mimosa-malware,AI generated. MD5 of the com.fb.w.weather APK sample listed in the Midnight Mimosa IOC tables.,AI agent,medium
file_hash_md5,d3faec4f013c4a1e84a1d681448312c0,2026-10-08,malware,unknown,unknown,Midnight Mimosa,trojan,https://www.bitdefender.com/en-us/blog/labs/midnight-mimosa-malware,AI generated. MD5 of the com.mobile.applock.en APK sample listed in the Midnight Mimosa IOC tables.,AI agent,medium
file_hash_md5,d4ceb05682ecd60f4ebb4e76e02fcf7d,2026-10-08,malware,unknown,unknown,Midnight Mimosa,trojan,https://www.bitdefender.com/en-us/blog/labs/midnight-mimosa-malware,AI generated. MD5 of the com.android.sys.prot APK sample listed in the Midnight Mimosa IOC tables.,AI agent,medium
file_hash_md5,d56158a2cc8d13778df850907733b2c4,2026-10-08,malware,unknown,unknown,Midnight Mimosa,trojan,https://www.bitdefender.com/en-us/blog/labs/midnight-mimosa-malware,AI generated. MD5 of the picturetranslate.extractor.text.lite APK sample listed in the Midnight Mimosa IOC tables.,AI agent,medium
file_hash_md5,d5d88214170875386ab855172f881e51,2026-10-08,malware,unknown,unknown,Midnight Mimosa,trojan,https://www.bitdefender.com/en-us/blog/labs/midnight-mimosa-malware,AI generated. MD5 of the com.android.sys.bcprot APK sample listed in the Midnight Mimosa IOC tables.,AI agent,medium
file_hash_md5,d6ba4044f9d57f7e86d83187982ed593,2026-10-08,malware,unknown,unknown,Midnight Mimosa,trojan,https://www.bitdefender.com/en-us/blog/labs/midnight-mimosa-malware,AI generated. MD5 of the com.notemaster.record.mark APK sample listed in the Midnight Mimosa IOC tables.,AI agent,medium
file_hash_md5,d9fc6b2cd5eaa3929207f1029663d947,2026-10-08,malware,unknown,unknown,Midnight Mimosa,trojan,https://www.bitdefender.com/en-us/blog/labs/midnight-mimosa-malware,AI generated. MD5 of the com.android.gallery3d APK sample listed in the Midnight Mimosa IOC tables.,AI agent,medium
file_hash_md5,da67e37be01c20566990152ecfb14ed1,2026-10-08,malware,unknown,unknown,Midnight Mimosa,trojan,https://www.bitdefender.com/en-us/blog/labs/midnight-mimosa-malware,AI generated. MD5 of the org.life.goal.tools APK sample listed in the Midnight Mimosa IOC tables.,AI agent,medium
file_hash_md5,dce5b0dc0e7d7059b5ab8384a7c24ec4,2026-10-08,malware,unknown,unknown,Midnight Mimosa,trojan,https://www.bitdefender.com/en-us/blog/labs/midnight-mimosa-malware,AI generated. MD5 of the com.android.sys.bcprot APK sample listed in the Midnight Mimosa IOC tables.,AI agent,medium
file_hash_md5,de66cac88f156c3227749e03bdf7cf54,2026-10-08,malware,unknown,unknown,Midnight Mimosa,trojan,https://www.bitdefender.com/en-us/blog/labs/midnight-mimosa-malware,AI generated. MD5 of the com.mobile.applock.wt APK sample listed in the Midnight Mimosa IOC tables.,AI agent,medium
file_hash_md5,e250e5966c119a9098f7818fc6c080e5,2026-10-08,malware,unknown,unknown,Midnight Mimosa,trojan,https://www.bitdefender.com/en-us/blog/labs/midnight-mimosa-malware,AI generated. MD5 of the picturetranslate.extractor.text.lite APK sample listed in the Midnight Mimosa IOC tables.,AI agent,medium
file_hash_md5,e39bddf592016ad6d0784770df3e2ffe,2026-10-08,malware,unknown,unknown,Midnight Mimosa,trojan,https://www.bitdefender.com/en-us/blog/labs/midnight-mimosa-malware,AI generated. MD5 of the com.yun.wth.er APK sample listed in the Midnight Mimosa IOC tables.,AI agent,medium
file_hash_md5,e51c11442a529dcd06dc7c8e45974ec2,2026-10-08,malware,unknown,unknown,Midnight Mimosa,trojan,https://www.bitdefender.com/en-us/blog/labs/midnight-mimosa-malware,AI generated. MD5 of the com.android.gallery3d APK sample listed in the Midnight Mimosa IOC tables.,AI agent,medium
file_hash_md5,e6650dc6721aaa27f8a289ff92e613ff,2026-10-08,malware,unknown,unknown,Midnight Mimosa,trojan,https://www.bitdefender.com/en-us/blog/labs/midnight-mimosa-malware,AI generated. MD5 of the com.mobile.applock.wt APK sample listed in the Midnight Mimosa IOC tables.,AI agent,medium
file_hash_md5,e75e183027bf897eda6447366c7acd01,2026-10-08,malware,unknown,unknown,Midnight Mimosa,trojan,https://www.bitdefender.com/en-us/blog/labs/midnight-mimosa-malware,AI generated. MD5 of the com.mobile.applock.tg APK sample listed in the Midnight Mimosa IOC tables.,AI agent,medium
file_hash_md5,e7c56b4f580da53cd0e4f11d1a11e402,2026-10-08,malware,unknown,unknown,Midnight Mimosa,trojan,https://www.bitdefender.com/en-us/blog/labs/midnight-mimosa-malware,AI generated. MD5 of the com.mobile.applock.wt APK sample listed in the Midnight Mimosa IOC tables.,AI agent,medium
file_hash_md5,e974cf4cc5d55cddc04f026dd3ea72b8,2026-10-08,malware,unknown,unknown,Midnight Mimosa,trojan,https://www.bitdefender.com/en-us/blog/labs/midnight-mimosa-malware,AI generated. MD5 of the appicon.diy.tools.prop APK sample listed in the Midnight Mimosa IOC tables.,AI agent,medium
file_hash_md5,e9b91e1d94bb3ff9a1c00b1c13eb7960,2026-10-08,malware,unknown,unknown,Midnight Mimosa,trojan,https://www.bitdefender.com/en-us/blog/labs/midnight-mimosa-malware,AI generated. MD5 of the com.android.gallery3d APK sample listed in the Midnight Mimosa IOC tables.,AI agent,medium
file_hash_md5,e9ec6d7b50c1e54cd523283b9de55e10,2026-10-08,malware,unknown,unknown,Midnight Mimosa,trojan,https://www.bitdefender.com/en-us/blog/labs/midnight-mimosa-malware,AI generated. MD5 of the com.fe2bu1.wh APK sample listed in the Midnight Mimosa IOC tables.,AI agent,medium
file_hash_md5,ed1a6bed83899952b464c27aef9752cc,2026-10-08,malware,unknown,unknown,Midnight Mimosa,trojan,https://www.bitdefender.com/en-us/blog/labs/midnight-mimosa-malware,AI generated. MD5 of the com.android.weapps APK sample listed in the Midnight Mimosa IOC tables.,AI agent,medium
file_hash_md5,ee4e778e53ce4d4339d7c7888d06384d,2026-10-08,malware,unknown,unknown,Midnight Mimosa,trojan,https://www.bitdefender.com/en-us/blog/labs/midnight-mimosa-malware,AI generated. MD5 of the com.dmstudio.weather APK sample listed in the Midnight Mimosa IOC tables.,AI agent,medium
file_hash_md5,ee70ec99121f4d7c8b5a883e5ab3a858,2026-10-08,malware,unknown,unknown,Midnight Mimosa,trojan,https://www.bitdefender.com/en-us/blog/labs/midnight-mimosa-malware,AI generated. MD5 of the com.mb.applock.a02 APK sample listed in the Midnight Mimosa IOC tables.,AI agent,medium
file_hash_md5,f0b7b1c940ebcee97eb68f528682fc50,2026-10-08,malware,unknown,unknown,Midnight Mimosa,trojan,https://www.bitdefender.com/en-us/blog/labs/midnight-mimosa-malware,AI generated. MD5 of the com.cool.weather.yl APK sample listed in the Midnight Mimosa IOC tables.,AI agent,medium
file_hash_md5,f456f0c6b89bd3d5124699d43971d094,2026-10-08,malware,unknown,unknown,Midnight Mimosa,trojan,https://www.bitdefender.com/en-us/blog/labs/midnight-mimosa-malware,AI generated. MD5 of the com.android.browser APK sample listed in the Midnight Mimosa IOC tables.,AI agent,medium
file_hash_md5,f602230f54507cbddf5ef3014737d768,2026-10-08,malware,unknown,unknown,Midnight Mimosa,trojan,https://www.bitdefender.com/en-us/blog/labs/midnight-mimosa-malware,AI generated. MD5 of the com.mobile.applock.wg APK sample listed in the Midnight Mimosa IOC tables.,AI agent,medium
file_hash_md5,fac6548a4a7a88156468b809c4f877f5,2026-10-08,malware,unknown,unknown,Midnight Mimosa,trojan,https://www.bitdefender.com/en-us/blog/labs/midnight-mimosa-malware,AI generated. MD5 of the com.audify.editor.wavrge APK sample listed in the Midnight Mimosa IOC tables.,AI agent,medium
file_hash_md5,fc812444baa071f5141ddad812d673de,2026-10-08,malware,unknown,unknown,Midnight Mimosa,trojan,https://www.bitdefender.com/en-us/blog/labs/midnight-mimosa-malware,AI generated. MD5 of the com.notemaster.record.mark APK sample listed in the Midnight Mimosa IOC tables.,AI agent,medium
file_hash_md5,fcb9f38cc687fc8a4637e0acdf91ab66,2026-10-08,malware,unknown,unknown,Midnight Mimosa,trojan,https://www.bitdefender.com/en-us/blog/labs/midnight-mimosa-malware,AI generated. MD5 of the com.dl.guard.lock APK sample listed in the Midnight Mimosa IOC tables.,AI agent,medium
