ioc_type,ioc_value,date,category,actor,actor_attribute,malware,malware_type,reference,description,author,confidence
file_hash_sha256,8fcfe9c0828c01bf7f391ccd4b2f3f87d96390e95aecac5c2e6a574d70d31e1d,2026-09-04,malware,unknown,unknown,ValleyRAT,RAT,https://x.com/tdatwja/status/2095400419853996542,AI generated. SHA256 of the malicious libcares-2.dll side-loaded from the IMG delivered by Japanese-language malspam.,AI agent,medium
file_hash_sha256,da169efdf43f4f2e87937efaaaf328dd659e28740411d1904a5bd0908ea5e061,2026-09-04,abusefile,unknown,unknown,ValleyRAT,RAT,https://x.com/tdatwja/status/2095400419853996542,AI generated. SHA256 of the legitimate executable abused for DLL side-loading inside the mounted IMG file.,AI agent,medium
ip,204.194.50.231,2026-09-04,c2,unknown,unknown,ValleyRAT,RAT,https://x.com/tdatwja/status/2095400419853996542,AI generated. C2 IP address contacted on TCP ports 443 and 449 by the side-loaded ValleyRAT payload.,AI agent,medium
domain,www.coder-infra.com,2026-08-31,c2,unknown,unknown,unknown,stealer,https://github.com/coder/coder/security/advisories/GHSA-vx42-ghc9-gw65,AI generated. Attacker-controlled domain impersonating Coder that received stolen credentials and secrets.,AI agent,medium
ip,199.91.220.205,2026-08-31,c2,unknown,unknown,unknown,stealer,https://github.com/coder/coder/security/advisories/GHSA-vx42-ghc9-gw65,AI generated. IP address listed in the Coder advisory as part of the unauthorized registry and exfiltration infrastructure.,AI agent,medium
url,http://www.coder-infra.com/cli/check,2026-08-31,c2,unknown,unknown,unknown,stealer,https://github.com/coder/coder/security/advisories/GHSA-vx42-ghc9-gw65,AI generated. Exfiltration URL contacted by the malicious Terraform modules served from the unauthorized registry.,AI agent,medium
file_hash_sha256,a7f4fa5f7e33b2a6f6488cf28444584caa449144d246b083de919162f5514247,2026-08-31,malware,unknown,unknown,unknown,stealer,https://github.com/coder/coder/security/advisories/GHSA-vx42-ghc9-gw65,AI generated. SHA256 of a malicious dlp.sh credential-stealing script shipped in the tampered Coder registry modules.,AI agent,medium
file_hash_sha256,414d01f6072fbf05bef513e277f4c2b504a413c8e2aa5bae133a5cbc0cda9dc1,2026-08-31,malware,unknown,unknown,unknown,stealer,https://github.com/coder/coder/security/advisories/GHSA-vx42-ghc9-gw65,AI generated. SHA256 of a malicious dlp.sh credential-stealing script shipped in the tampered Coder registry modules.,AI agent,medium
file_hash_sha256,a64ce3038f2a501c9735abf6a1f9f04cbddbad53371cd68bec0f7510365c8ffa,2026-08-31,malware,unknown,unknown,unknown,stealer,https://github.com/coder/coder/security/advisories/GHSA-vx42-ghc9-gw65,AI generated. SHA256 of a malicious dlp.sh credential-stealing script shipped in the tampered Coder registry modules.,AI agent,medium
file_hash_sha256,ebbe0d2ed8cfaf9e19edb38ce44d6b407f9771b5c0813a7add27c05f66e89596,2026-08-31,malware,unknown,unknown,unknown,stealer,https://github.com/coder/coder/security/advisories/GHSA-vx42-ghc9-gw65,AI generated. SHA256 of a malicious dlp.sh credential-stealing script shipped in the tampered Coder registry modules.,AI agent,medium
file_hash_sha256,7ef6b8c3c976fb60b3fa22e9e294ba548d9b532e060c1323a0124a3a7a647f13,2026-08-31,malware,unknown,unknown,unknown,stealer,https://github.com/coder/coder/security/advisories/GHSA-vx42-ghc9-gw65,AI generated. SHA256 of a malicious dlp.sh credential-stealing script shipped in the tampered Coder registry modules.,AI agent,medium
ip,185.196.220.85,2026-08-19,srcip,unknown,unknown,N/A,N/A,https://www.bleepingcomputer.com/news/security/critical-elementor-pro-flaw-exploited-to-take-over-wordpress-sites/,AI generated. Source IP blocked by Wordfence while mass-exploiting CVE-2026-32475 in the Elementor Pro plugin.,AI agent,medium
ip,103.84.230.85,2026-08-19,srcip,unknown,unknown,N/A,N/A,https://www.bleepingcomputer.com/news/security/critical-elementor-pro-flaw-exploited-to-take-over-wordpress-sites/,AI generated. Source IP blocked by Wordfence while mass-exploiting CVE-2026-32475 in the Elementor Pro plugin.,AI agent,medium
ip,103.90.148.202,2026-08-19,srcip,unknown,unknown,N/A,N/A,https://www.bleepingcomputer.com/news/security/critical-elementor-pro-flaw-exploited-to-take-over-wordpress-sites/,AI generated. Source IP blocked by Wordfence while mass-exploiting CVE-2026-32475 in the Elementor Pro plugin.,AI agent,medium
ip,216.126.225.208,2026-08-19,srcip,unknown,unknown,N/A,N/A,https://www.bleepingcomputer.com/news/security/critical-elementor-pro-flaw-exploited-to-take-over-wordpress-sites/,AI generated. Source IP blocked by Wordfence while mass-exploiting CVE-2026-32475 in the Elementor Pro plugin.,AI agent,medium
ip,167.254.240.75,2026-08-19,srcip,unknown,unknown,N/A,N/A,https://www.bleepingcomputer.com/news/security/critical-elementor-pro-flaw-exploited-to-take-over-wordpress-sites/,AI generated. Source IP blocked by Wordfence while mass-exploiting CVE-2026-32475 in the Elementor Pro plugin.,AI agent,medium
ip,167.254.241.119,2026-08-19,srcip,unknown,unknown,N/A,N/A,https://www.bleepingcomputer.com/news/security/critical-elementor-pro-flaw-exploited-to-take-over-wordpress-sites/,AI generated. Source IP blocked by Wordfence while mass-exploiting CVE-2026-32475 in the Elementor Pro plugin.,AI agent,medium
ip,114.10.17.253,2026-08-19,srcip,unknown,unknown,N/A,N/A,https://www.bleepingcomputer.com/news/security/critical-elementor-pro-flaw-exploited-to-take-over-wordpress-sites/,AI generated. Source IP blocked by Wordfence while mass-exploiting CVE-2026-32475 in the Elementor Pro plugin.,AI agent,medium
ip,114.10.45.151,2026-08-19,srcip,unknown,unknown,N/A,N/A,https://www.bleepingcomputer.com/news/security/critical-elementor-pro-flaw-exploited-to-take-over-wordpress-sites/,AI generated. Source IP blocked by Wordfence while mass-exploiting CVE-2026-32475 in the Elementor Pro plugin.,AI agent,medium
ip,2602:fa59:10:7a1::1,2026-08-19,srcip,unknown,unknown,N/A,N/A,https://www.bleepingcomputer.com/news/security/critical-elementor-pro-flaw-exploited-to-take-over-wordpress-sites/,AI generated. Source IP blocked by Wordfence while mass-exploiting CVE-2026-32475 in the Elementor Pro plugin.,AI agent,medium
ip,2406:ef80:2:7d19::1,2026-08-19,srcip,unknown,unknown,N/A,N/A,https://www.bleepingcomputer.com/news/security/critical-elementor-pro-flaw-exploited-to-take-over-wordpress-sites/,AI generated. Source IP blocked by Wordfence while mass-exploiting CVE-2026-32475 in the Elementor Pro plugin.,AI agent,medium
ip,176.65.148.184,2026-08-30,c2,unknown,unknown,unknown,unknown,https://horizon3.ai/attack-research/disclosures/cve-2026-9586-sangoma-switchvox-rce/,AI generated. Source IP exploiting CVE-2026-9586 on Horizon3 honeypots and the reverse-shell listener on TCP 39323.,AI agent,medium
domain,fillingconfirmation.vercel.app,2026-08-25,phishing-site,unknown,unknown,N/A,N/A,https://any.run/cybersecurity-blog/us-campaign-malware-analysis/,AI generated. Disposable phishing host delivering fake tax or delivery documents that lead to unauthorized RMM installation.,AI agent,medium
domain,sharedconfirmationslip.vercel.app,2026-08-25,phishing-site,unknown,unknown,N/A,N/A,https://any.run/cybersecurity-blog/us-campaign-malware-analysis/,AI generated. Disposable phishing host delivering fake tax or delivery documents that lead to unauthorized RMM installation.,AI agent,medium
domain,officialsummarybycra.vercel.app,2026-08-25,phishing-site,unknown,unknown,N/A,N/A,https://any.run/cybersecurity-blog/us-campaign-malware-analysis/,AI generated. Disposable phishing host delivering fake tax or delivery documents that lead to unauthorized RMM installation.,AI agent,medium
domain,2026t4form17718.vercel.app,2026-08-25,phishing-site,unknown,unknown,N/A,N/A,https://any.run/cybersecurity-blog/us-campaign-malware-analysis/,AI generated. Disposable phishing host delivering fake tax or delivery documents that lead to unauthorized RMM installation.,AI agent,medium
domain,crataxsummary1007341.vercel.app,2026-08-25,phishing-site,unknown,unknown,N/A,N/A,https://any.run/cybersecurity-blog/us-campaign-malware-analysis/,AI generated. Disposable phishing host delivering fake tax or delivery documents that lead to unauthorized RMM installation.,AI agent,medium
domain,statemendetailsfilessenderderf.netlify.app,2026-08-25,phishing-site,unknown,unknown,N/A,N/A,https://any.run/cybersecurity-blog/us-campaign-malware-analysis/,AI generated. Disposable phishing host delivering fake tax or delivery documents that lead to unauthorized RMM installation.,AI agent,medium
domain,quavix.vu,2026-08-25,phishing-site,unknown,unknown,N/A,N/A,https://any.run/cybersecurity-blog/us-campaign-malware-analysis/,AI generated. Disposable phishing host delivering fake tax or delivery documents that lead to unauthorized RMM installation.,AI agent,medium
domain,cevora.vu,2026-08-25,phishing-site,unknown,unknown,N/A,N/A,https://any.run/cybersecurity-blog/us-campaign-malware-analysis/,AI generated. Disposable phishing host delivering fake tax or delivery documents that lead to unauthorized RMM installation.,AI agent,medium
domain,xorlira.vu,2026-08-25,phishing-site,unknown,unknown,N/A,N/A,https://any.run/cybersecurity-blog/us-campaign-malware-analysis/,AI generated. Disposable phishing host delivering fake tax or delivery documents that lead to unauthorized RMM installation.,AI agent,medium
domain,voretix.icu,2026-08-25,phishing-site,unknown,unknown,N/A,N/A,https://any.run/cybersecurity-blog/us-campaign-malware-analysis/,AI generated. Disposable phishing host delivering fake tax or delivery documents that lead to unauthorized RMM installation.,AI agent,medium
domain,wurel.sbs,2026-08-25,phishing-site,unknown,unknown,N/A,N/A,https://any.run/cybersecurity-blog/us-campaign-malware-analysis/,AI generated. Disposable phishing host delivering fake tax or delivery documents that lead to unauthorized RMM installation.,AI agent,medium
domain,mornixa.cfd,2026-08-25,phishing-site,unknown,unknown,N/A,N/A,https://any.run/cybersecurity-blog/us-campaign-malware-analysis/,AI generated. Disposable phishing host delivering fake tax or delivery documents that lead to unauthorized RMM installation.,AI agent,medium
domain,getdl.jorix.cyou,2026-08-25,phishing-site,unknown,unknown,N/A,N/A,https://any.run/cybersecurity-blog/us-campaign-malware-analysis/,AI generated. Disposable phishing host delivering fake tax or delivery documents that lead to unauthorized RMM installation.,AI agent,medium
domain,pdfmarchlitestatementsscannedforyou.gixar.sbs,2026-08-25,phishing-site,unknown,unknown,N/A,N/A,https://any.run/cybersecurity-blog/us-campaign-malware-analysis/,AI generated. Disposable phishing host delivering fake tax or delivery documents that lead to unauthorized RMM installation.,AI agent,medium
domain,reportstastementformarchreviewyourssaast.harnivo.cfd,2026-08-25,phishing-site,unknown,unknown,N/A,N/A,https://any.run/cybersecurity-blog/us-campaign-malware-analysis/,AI generated. Disposable phishing host delivering fake tax or delivery documents that lead to unauthorized RMM installation.,AI agent,medium
domain,54511.ddnsking.com,2026-08-25,c2,unknown,unknown,N/A,N/A,https://any.run/cybersecurity-blog/us-campaign-malware-analysis/,AI generated. Dynamic DNS host used by the attackers for remote access after the RMM tool is installed.,AI agent,medium
domain,dxy43.ddnsking.com,2026-08-25,c2,unknown,unknown,N/A,N/A,https://any.run/cybersecurity-blog/us-campaign-malware-analysis/,AI generated. Dynamic DNS host used by the attackers for remote access after the RMM tool is installed.,AI agent,medium
domain,dyb32.ddnsking.com,2026-08-25,c2,unknown,unknown,N/A,N/A,https://any.run/cybersecurity-blog/us-campaign-malware-analysis/,AI generated. Dynamic DNS host used by the attackers for remote access after the RMM tool is installed.,AI agent,medium
domain,67pon.swoop2.me,2026-08-25,c2,unknown,unknown,N/A,N/A,https://any.run/cybersecurity-blog/us-campaign-malware-analysis/,AI generated. Dynamic DNS host used by the attackers for remote access after the RMM tool is installed.,AI agent,medium
domain,dcsi23.swoop2.me,2026-08-25,c2,unknown,unknown,N/A,N/A,https://any.run/cybersecurity-blog/us-campaign-malware-analysis/,AI generated. Dynamic DNS host used by the attackers for remote access after the RMM tool is installed.,AI agent,medium
domain,ssi11.letsgo2.me,2026-08-25,c2,unknown,unknown,N/A,N/A,https://any.run/cybersecurity-blog/us-campaign-malware-analysis/,AI generated. Dynamic DNS host used by the attackers for remote access after the RMM tool is installed.,AI agent,medium
domain,ddn3.net2me.me,2026-08-25,c2,unknown,unknown,N/A,N/A,https://any.run/cybersecurity-blog/us-campaign-malware-analysis/,AI generated. Dynamic DNS host used by the attackers for remote access after the RMM tool is installed.,AI agent,medium
domain,hiltonheadislanddeals.com,2026-08-25,phishing-site,unknown,unknown,N/A,N/A,https://any.run/cybersecurity-blog/us-campaign-malware-analysis/,AI generated. Compromised legitimate website used to host the phishing kit in the RMM campaign.,AI agent,medium
domain,gonzalezjaramilloabogados.com,2026-08-25,phishing-site,unknown,unknown,N/A,N/A,https://any.run/cybersecurity-blog/us-campaign-malware-analysis/,AI generated. Compromised legitimate website used to host the phishing kit in the RMM campaign.,AI agent,medium
domain,mybcdc.ca,2026-08-25,phishing-site,unknown,unknown,N/A,N/A,https://any.run/cybersecurity-blog/us-campaign-malware-analysis/,AI generated. Compromised legitimate website used to host the phishing kit in the RMM campaign.,AI agent,medium
domain,taurusburgerco.com.au,2026-08-25,phishing-site,unknown,unknown,N/A,N/A,https://any.run/cybersecurity-blog/us-campaign-malware-analysis/,AI generated. Compromised legitimate website used to host the phishing kit in the RMM campaign.,AI agent,medium
domain,ypatellawoffice.ca,2026-08-25,phishing-site,unknown,unknown,N/A,N/A,https://any.run/cybersecurity-blog/us-campaign-malware-analysis/,AI generated. Compromised legitimate website used to host the phishing kit in the RMM campaign.,AI agent,medium
domain,electrical-sei.com,2026-08-25,phishing-site,unknown,unknown,N/A,N/A,https://any.run/cybersecurity-blog/us-campaign-malware-analysis/,AI generated. Compromised legitimate website used to host the phishing kit in the RMM campaign.,AI agent,medium
domain,herculescalgarymovers.ca,2026-08-25,phishing-site,unknown,unknown,N/A,N/A,https://any.run/cybersecurity-blog/us-campaign-malware-analysis/,AI generated. Compromised legitimate website used to host the phishing kit in the RMM campaign.,AI agent,medium
domain,quantechitsolutions.com,2026-08-25,phishing-site,unknown,unknown,N/A,N/A,https://any.run/cybersecurity-blog/us-campaign-malware-analysis/,AI generated. Compromised legitimate website used to host the phishing kit in the RMM campaign.,AI agent,medium
domain,mayteslaadvisorhq.s3.us-east-2.amazonaws.com,2026-08-25,phishing-site,unknown,unknown,N/A,N/A,https://any.run/cybersecurity-blog/us-campaign-malware-analysis/,AI generated. Cloud storage host abused to stage the RMM installer payload for the phishing campaign.,AI agent,medium
domain,openfodervbs4view.ams3.cdn.digitaloceanspaces.com,2026-08-25,phishing-site,unknown,unknown,N/A,N/A,https://any.run/cybersecurity-blog/us-campaign-malware-analysis/,AI generated. Cloud storage host abused to stage the RMM installer payload for the phishing campaign.,AI agent,medium
url,https://commonerdays.vercel.app/LogMeInResolve_Unattended.msi,2026-08-25,phishing-site,unknown,unknown,N/A,N/A,https://any.run/cybersecurity-blog/us-campaign-malware-analysis/,AI generated. Download URL serving an unattended LogMeIn Resolve installer used to gain remote access.,AI agent,medium
ip,46.62.197.232,2026-08-25,c2,unknown,unknown,N/A,N/A,https://any.run/cybersecurity-blog/us-campaign-malware-analysis/,AI generated. IP address observed on TCP 7000 in the RMM phishing campaign infrastructure.,AI agent,medium
file_hash_sha256,41b731279b1778a9f578e4ed2589f46c4bef32793b292862cf96279a3ead1c41,2026-08-25,related-file,unknown,unknown,N/A,N/A,https://any.run/cybersecurity-blog/us-campaign-malware-analysis/,AI generated. SHA256 of the phishing kit lure index page used across the RMM campaign.,AI agent,medium
file_hash_sha256,132d864bb199105d639edb115249302243eafdb0fc21efb86cc6b6c0d49866f0,2026-08-25,related-file,unknown,unknown,N/A,N/A,https://any.run/cybersecurity-blog/us-campaign-malware-analysis/,AI generated. SHA256 of the secure.html gate page of the phishing kit.,AI agent,medium
file_hash_sha256,51f0cc172ced2e90acbc01c2872c697644380e597076350a6b286c96ab7ccb42,2026-08-25,related-file,unknown,unknown,N/A,N/A,https://any.run/cybersecurity-blog/us-campaign-malware-analysis/,AI generated. SHA256 of the icons8-microsoft-word-94.png asset shared by the phishing kit pages.,AI agent,medium
file_hash_sha256,232ef6be134c2b7c14648aa193daf7e23e987477b8a40150dd77883947fdf017,2026-09-02,malware,"Gambling Goblin (linked to Earth Berberoka, medium to high confidence)",cybercrime,unknown,unknown,https://research.checkpoint.com/2026/gaming-the-system-how-a-chinese-speaking-actor-turned-brazilian-government-sites-into-an-seo-weapon/,AI generated. SHA256 listed in the Check Point IOC appendix for the Gambling Goblin Linux toolset.,AI agent,medium
file_hash_sha256,088d0742a667f1acfc83edb94671a10b951f6745badec6d5c754ef594dddf815,2026-09-02,malware,"Gambling Goblin (linked to Earth Berberoka, medium to high confidence)",cybercrime,unknown,unknown,https://research.checkpoint.com/2026/gaming-the-system-how-a-chinese-speaking-actor-turned-brazilian-government-sites-into-an-seo-weapon/,AI generated. SHA256 listed in the Check Point IOC appendix for the Gambling Goblin Linux toolset.,AI agent,medium
file_hash_sha256,88544d36beb6dc621c9376806836d0ad109ece64b589605d5674e0c86313d1c0,2026-09-02,malware,"Gambling Goblin (linked to Earth Berberoka, medium to high confidence)",cybercrime,unknown,unknown,https://research.checkpoint.com/2026/gaming-the-system-how-a-chinese-speaking-actor-turned-brazilian-government-sites-into-an-seo-weapon/,AI generated. SHA256 listed in the Check Point IOC appendix for the Gambling Goblin Linux toolset.,AI agent,medium
file_hash_sha256,9d3085eac9a59a94f0473db5ec0173def8777d2f794da281fb1749389ae33cdb,2026-09-02,malware,"Gambling Goblin (linked to Earth Berberoka, medium to high confidence)",cybercrime,unknown,unknown,https://research.checkpoint.com/2026/gaming-the-system-how-a-chinese-speaking-actor-turned-brazilian-government-sites-into-an-seo-weapon/,AI generated. SHA256 listed in the Check Point IOC appendix for the Gambling Goblin Linux toolset.,AI agent,medium
file_hash_sha256,263c14e84398339b25cd3e59da7e108340306fdbb8112bbe7dc0f07a71eb8a31,2026-09-02,malware,"Gambling Goblin (linked to Earth Berberoka, medium to high confidence)",cybercrime,unknown,unknown,https://research.checkpoint.com/2026/gaming-the-system-how-a-chinese-speaking-actor-turned-brazilian-government-sites-into-an-seo-weapon/,AI generated. SHA256 listed in the Check Point IOC appendix for the Gambling Goblin Linux toolset.,AI agent,medium
file_hash_sha256,12af9d95c44e20a375148c25f8a2978a62ee95489134654c3537ccfb2d42120d,2026-09-02,malware,"Gambling Goblin (linked to Earth Berberoka, medium to high confidence)",cybercrime,unknown,unknown,https://research.checkpoint.com/2026/gaming-the-system-how-a-chinese-speaking-actor-turned-brazilian-government-sites-into-an-seo-weapon/,AI generated. SHA256 listed in the Check Point IOC appendix for the Gambling Goblin Linux toolset.,AI agent,medium
file_hash_sha256,5af1bec4635e52da4909bf744ea4b7e4483ec944241218855212f4a9e3d48611,2026-09-02,malware,"Gambling Goblin (linked to Earth Berberoka, medium to high confidence)",cybercrime,unknown,unknown,https://research.checkpoint.com/2026/gaming-the-system-how-a-chinese-speaking-actor-turned-brazilian-government-sites-into-an-seo-weapon/,AI generated. SHA256 listed in the Check Point IOC appendix for the Gambling Goblin Linux toolset.,AI agent,medium
file_hash_sha256,e8bb763bd10e727228ca9a8e3e6cf10bf4de4639b6be680a3abfb181a0adc052,2026-09-02,malware,"Gambling Goblin (linked to Earth Berberoka, medium to high confidence)",cybercrime,unknown,unknown,https://research.checkpoint.com/2026/gaming-the-system-how-a-chinese-speaking-actor-turned-brazilian-government-sites-into-an-seo-weapon/,AI generated. SHA256 listed in the Check Point IOC appendix for the Gambling Goblin Linux toolset.,AI agent,medium
file_hash_sha256,fa7fc029ac13af2f3880151e9c408e9afadeba7b2cff01659806fb7c3c83288d,2026-09-02,malware,"Gambling Goblin (linked to Earth Berberoka, medium to high confidence)",cybercrime,unknown,unknown,https://research.checkpoint.com/2026/gaming-the-system-how-a-chinese-speaking-actor-turned-brazilian-government-sites-into-an-seo-weapon/,AI generated. SHA256 listed in the Check Point IOC appendix for the Gambling Goblin Linux toolset.,AI agent,medium
file_hash_sha256,c3c09fe219e10808f053e580628aeb87b1f00fc683c810aa828905fe03cda98f,2026-09-02,malware,"Gambling Goblin (linked to Earth Berberoka, medium to high confidence)",cybercrime,unknown,unknown,https://research.checkpoint.com/2026/gaming-the-system-how-a-chinese-speaking-actor-turned-brazilian-government-sites-into-an-seo-weapon/,AI generated. SHA256 listed in the Check Point IOC appendix for the Gambling Goblin Linux toolset.,AI agent,medium
file_hash_sha256,2567d6b42dac97a391217ad22ee375f504d541940d3fbb9436a3f5e9bb23ab91,2026-09-02,malware,"Gambling Goblin (linked to Earth Berberoka, medium to high confidence)",cybercrime,unknown,unknown,https://research.checkpoint.com/2026/gaming-the-system-how-a-chinese-speaking-actor-turned-brazilian-government-sites-into-an-seo-weapon/,AI generated. SHA256 listed in the Check Point IOC appendix for the Gambling Goblin Linux toolset.,AI agent,medium
file_hash_sha256,1829efbf7946e1a958779a3e7f1e50ca63fe61c6a2ddc177c14a7b0c5e10020a,2026-09-02,malware,"Gambling Goblin (linked to Earth Berberoka, medium to high confidence)",cybercrime,unknown,unknown,https://research.checkpoint.com/2026/gaming-the-system-how-a-chinese-speaking-actor-turned-brazilian-government-sites-into-an-seo-weapon/,AI generated. SHA256 listed in the Check Point IOC appendix for the Gambling Goblin Linux toolset.,AI agent,medium
file_hash_sha256,f025520d648c7799ca5bed4a9be5bee14ac33be1f1e9b20c090c8c6319404fcf,2026-09-02,malware,"Gambling Goblin (linked to Earth Berberoka, medium to high confidence)",cybercrime,unknown,unknown,https://research.checkpoint.com/2026/gaming-the-system-how-a-chinese-speaking-actor-turned-brazilian-government-sites-into-an-seo-weapon/,AI generated. SHA256 listed in the Check Point IOC appendix for the Gambling Goblin Linux toolset.,AI agent,medium
file_hash_sha256,5a11ed7931fb6358846e0f3c8d69921f43f8ccade5937fc41e5c262cc49f82e8,2026-09-02,malware,"Gambling Goblin (linked to Earth Berberoka, medium to high confidence)",cybercrime,unknown,unknown,https://research.checkpoint.com/2026/gaming-the-system-how-a-chinese-speaking-actor-turned-brazilian-government-sites-into-an-seo-weapon/,AI generated. SHA256 listed in the Check Point IOC appendix for the Gambling Goblin Linux toolset.,AI agent,medium
file_hash_sha256,0d4a28d5cf7b99f11ffe972abd0284d9e35b6858eeb288532a55633b3e29f9c7,2026-09-02,malware,"Gambling Goblin (linked to Earth Berberoka, medium to high confidence)",cybercrime,unknown,unknown,https://research.checkpoint.com/2026/gaming-the-system-how-a-chinese-speaking-actor-turned-brazilian-government-sites-into-an-seo-weapon/,AI generated. SHA256 listed in the Check Point IOC appendix for the Gambling Goblin Linux toolset.,AI agent,medium
file_hash_sha256,5f6d112637545a2e8c1a9f260c39698852c7a22e83db5ccfc99b99d9f6274710,2026-09-02,malware,"Gambling Goblin (linked to Earth Berberoka, medium to high confidence)",cybercrime,unknown,unknown,https://research.checkpoint.com/2026/gaming-the-system-how-a-chinese-speaking-actor-turned-brazilian-government-sites-into-an-seo-weapon/,AI generated. SHA256 listed in the Check Point IOC appendix for the Gambling Goblin Linux toolset.,AI agent,medium
file_hash_sha256,c4d2efa57eef0c5defc4ca708ebe35832f8b543cf764beebef56fef6d36d4f69,2026-09-02,malware,"Gambling Goblin (linked to Earth Berberoka, medium to high confidence)",cybercrime,unknown,unknown,https://research.checkpoint.com/2026/gaming-the-system-how-a-chinese-speaking-actor-turned-brazilian-government-sites-into-an-seo-weapon/,AI generated. SHA256 listed in the Check Point IOC appendix for the Gambling Goblin Linux toolset.,AI agent,medium
file_hash_sha256,c3c6ab58514cd13638cf049332186ef6d4ec7b256913edb1cd66a19437608882,2026-09-02,malware,"Gambling Goblin (linked to Earth Berberoka, medium to high confidence)",cybercrime,unknown,unknown,https://research.checkpoint.com/2026/gaming-the-system-how-a-chinese-speaking-actor-turned-brazilian-government-sites-into-an-seo-weapon/,AI generated. SHA256 listed in the Check Point IOC appendix for the Gambling Goblin Linux toolset.,AI agent,medium
file_hash_sha256,582ecca146a6aef478706e4b2774d6115a9220a18d1db8f92ee54a5118ecebd9,2026-09-02,malware,"Gambling Goblin (linked to Earth Berberoka, medium to high confidence)",cybercrime,unknown,unknown,https://research.checkpoint.com/2026/gaming-the-system-how-a-chinese-speaking-actor-turned-brazilian-government-sites-into-an-seo-weapon/,AI generated. SHA256 listed in the Check Point IOC appendix for the Gambling Goblin Linux toolset.,AI agent,medium
file_hash_sha256,3a8f464f1f2b5c38173e2a96f95a690af327d85c13c04d37cf0a91893d487bdb,2026-09-02,malware,"Gambling Goblin (linked to Earth Berberoka, medium to high confidence)",cybercrime,unknown,unknown,https://research.checkpoint.com/2026/gaming-the-system-how-a-chinese-speaking-actor-turned-brazilian-government-sites-into-an-seo-weapon/,AI generated. SHA256 listed in the Check Point IOC appendix for the Gambling Goblin Linux toolset.,AI agent,medium
file_hash_sha256,02f5e07dd4c97a3de48cc886f46dad35443f1c221a352630e2c7787806ee21b6,2026-09-02,malware,"Gambling Goblin (linked to Earth Berberoka, medium to high confidence)",cybercrime,unknown,unknown,https://research.checkpoint.com/2026/gaming-the-system-how-a-chinese-speaking-actor-turned-brazilian-government-sites-into-an-seo-weapon/,AI generated. SHA256 listed in the Check Point IOC appendix for the Gambling Goblin Linux toolset.,AI agent,medium
file_hash_sha256,16d35a725819142d2bd5bc0949dc518d344d6f63626a517e67fcba7322eb3844,2026-09-02,malware,"Gambling Goblin (linked to Earth Berberoka, medium to high confidence)",cybercrime,unknown,unknown,https://research.checkpoint.com/2026/gaming-the-system-how-a-chinese-speaking-actor-turned-brazilian-government-sites-into-an-seo-weapon/,AI generated. SHA256 listed in the Check Point IOC appendix for the Gambling Goblin Linux toolset.,AI agent,medium
file_hash_sha256,a71498bfffae8ac694356b3f2436820b396946c9e71c8915e282c1b2fdba4162,2026-09-02,malware,"Gambling Goblin (linked to Earth Berberoka, medium to high confidence)",cybercrime,unknown,unknown,https://research.checkpoint.com/2026/gaming-the-system-how-a-chinese-speaking-actor-turned-brazilian-government-sites-into-an-seo-weapon/,AI generated. SHA256 listed in the Check Point IOC appendix for the Gambling Goblin Linux toolset.,AI agent,medium
file_hash_sha256,d138d5f4fbc77650bc3be1cbf8fbd0ee292aa30eed5feec1ea7ba02e57da932b,2026-09-02,malware,"Gambling Goblin (linked to Earth Berberoka, medium to high confidence)",cybercrime,unknown,unknown,https://research.checkpoint.com/2026/gaming-the-system-how-a-chinese-speaking-actor-turned-brazilian-government-sites-into-an-seo-weapon/,AI generated. SHA256 listed in the Check Point IOC appendix for the Gambling Goblin Linux toolset.,AI agent,medium
file_hash_sha256,44373953431d7570d9585c91377dbe8b6527ccc00662d249f383b003b68b459f,2026-09-02,malware,"Gambling Goblin (linked to Earth Berberoka, medium to high confidence)",cybercrime,unknown,unknown,https://research.checkpoint.com/2026/gaming-the-system-how-a-chinese-speaking-actor-turned-brazilian-government-sites-into-an-seo-weapon/,AI generated. SHA256 listed in the Check Point IOC appendix for the Gambling Goblin Linux toolset.,AI agent,medium
file_hash_sha256,45b9382d7e91a4178b47c908b9b5f6884de7c5a1ef849fbf01d6c23d06d81b88,2026-09-02,malware,"Gambling Goblin (linked to Earth Berberoka, medium to high confidence)",cybercrime,unknown,unknown,https://research.checkpoint.com/2026/gaming-the-system-how-a-chinese-speaking-actor-turned-brazilian-government-sites-into-an-seo-weapon/,AI generated. SHA256 listed in the Check Point IOC appendix for the Gambling Goblin Linux toolset.,AI agent,medium
file_hash_sha256,1eb40363a64e0cad15e340af476d106ccf57ebb6662c1389da1347429ee68c9c,2026-09-02,malware,"Gambling Goblin (linked to Earth Berberoka, medium to high confidence)",cybercrime,unknown,unknown,https://research.checkpoint.com/2026/gaming-the-system-how-a-chinese-speaking-actor-turned-brazilian-government-sites-into-an-seo-weapon/,AI generated. SHA256 listed in the Check Point IOC appendix for the Gambling Goblin Linux toolset.,AI agent,medium
file_hash_sha256,fc789397742aee60b01292b071f79b4165981c31aa431eb1577a47c5911381c3,2026-09-02,malware,"Gambling Goblin (linked to Earth Berberoka, medium to high confidence)",cybercrime,unknown,unknown,https://research.checkpoint.com/2026/gaming-the-system-how-a-chinese-speaking-actor-turned-brazilian-government-sites-into-an-seo-weapon/,AI generated. SHA256 listed in the Check Point IOC appendix for the Gambling Goblin Linux toolset.,AI agent,medium
file_hash_sha256,adbee84e9a43949b0a816f052ffb3c0b7855e078b985fea95532158c3b9389bc,2026-09-02,malware,"Gambling Goblin (linked to Earth Berberoka, medium to high confidence)",cybercrime,unknown,unknown,https://research.checkpoint.com/2026/gaming-the-system-how-a-chinese-speaking-actor-turned-brazilian-government-sites-into-an-seo-weapon/,AI generated. SHA256 listed in the Check Point IOC appendix for the Gambling Goblin Linux toolset.,AI agent,medium
file_hash_sha256,0f26e1ba39ddd1f0a7e6f72bd8c4e02a5f0140de72eeda9fe5ab56402821e31e,2026-09-02,malware,"Gambling Goblin (linked to Earth Berberoka, medium to high confidence)",cybercrime,unknown,unknown,https://research.checkpoint.com/2026/gaming-the-system-how-a-chinese-speaking-actor-turned-brazilian-government-sites-into-an-seo-weapon/,AI generated. SHA256 listed in the Check Point IOC appendix for the Gambling Goblin Linux toolset.,AI agent,medium
file_hash_sha256,ab7d531d298f0d77bc7bbbdc36f4f8a1732ceca90ff60e3f225a99b9b10f334e,2026-09-02,malware,"Gambling Goblin (linked to Earth Berberoka, medium to high confidence)",cybercrime,unknown,unknown,https://research.checkpoint.com/2026/gaming-the-system-how-a-chinese-speaking-actor-turned-brazilian-government-sites-into-an-seo-weapon/,AI generated. SHA256 listed in the Check Point IOC appendix for the Gambling Goblin Linux toolset.,AI agent,medium
file_hash_sha256,ac99754357bd4a69c1de576977e0ee19c7354f29f7f52a9893b7a60f9c2f5248,2026-09-02,malware,"Gambling Goblin (linked to Earth Berberoka, medium to high confidence)",cybercrime,unknown,unknown,https://research.checkpoint.com/2026/gaming-the-system-how-a-chinese-speaking-actor-turned-brazilian-government-sites-into-an-seo-weapon/,AI generated. SHA256 listed in the Check Point IOC appendix for the Gambling Goblin Linux toolset.,AI agent,medium
file_hash_sha256,94aa88ff6222583b2a5b791ddd655837787e31f59483ed91f860857d3399b84a,2026-09-02,malware,"Gambling Goblin (linked to Earth Berberoka, medium to high confidence)",cybercrime,unknown,unknown,https://research.checkpoint.com/2026/gaming-the-system-how-a-chinese-speaking-actor-turned-brazilian-government-sites-into-an-seo-weapon/,AI generated. SHA256 listed in the Check Point IOC appendix for the Gambling Goblin Linux toolset.,AI agent,medium
file_hash_sha256,3ad35ea116b2c0855c13459a04699318b3944762385e8a47144f1d03b48f0bb1,2026-09-02,malware,"Gambling Goblin (linked to Earth Berberoka, medium to high confidence)",cybercrime,unknown,unknown,https://research.checkpoint.com/2026/gaming-the-system-how-a-chinese-speaking-actor-turned-brazilian-government-sites-into-an-seo-weapon/,AI generated. SHA256 listed in the Check Point IOC appendix for the Gambling Goblin Linux toolset.,AI agent,medium
file_hash_sha256,0611c153bf8b8561ef53f2a5ba1413115bdc0e4554e0c22cf9641bd8845db03e,2026-09-02,malware,"Gambling Goblin (linked to Earth Berberoka, medium to high confidence)",cybercrime,unknown,unknown,https://research.checkpoint.com/2026/gaming-the-system-how-a-chinese-speaking-actor-turned-brazilian-government-sites-into-an-seo-weapon/,AI generated. SHA256 listed in the Check Point IOC appendix for the Gambling Goblin Linux toolset.,AI agent,medium
file_hash_sha256,114824bccfafcbb42040f119fdcd3ec48f54eb154ffee6676d06986cba2b0af0,2026-09-02,malware,"Gambling Goblin (linked to Earth Berberoka, medium to high confidence)",cybercrime,unknown,unknown,https://research.checkpoint.com/2026/gaming-the-system-how-a-chinese-speaking-actor-turned-brazilian-government-sites-into-an-seo-weapon/,AI generated. SHA256 listed in the Check Point IOC appendix for the Gambling Goblin Linux toolset.,AI agent,medium
file_hash_sha256,297c53d935c501864e15fe7abcfdafed83df9aafdf241094604ae405529c5eb7,2026-09-02,malware,"Gambling Goblin (linked to Earth Berberoka, medium to high confidence)",cybercrime,unknown,unknown,https://research.checkpoint.com/2026/gaming-the-system-how-a-chinese-speaking-actor-turned-brazilian-government-sites-into-an-seo-weapon/,AI generated. SHA256 listed in the Check Point IOC appendix for the Gambling Goblin Linux toolset.,AI agent,medium
file_hash_sha256,0963c0034a5e0665729d686d50c5375948c4a684c56770adb13d24ff5df8013d,2026-09-02,malware,"Gambling Goblin (linked to Earth Berberoka, medium to high confidence)",cybercrime,unknown,unknown,https://research.checkpoint.com/2026/gaming-the-system-how-a-chinese-speaking-actor-turned-brazilian-government-sites-into-an-seo-weapon/,AI generated. SHA256 listed in the Check Point IOC appendix for the Gambling Goblin Linux toolset.,AI agent,medium
file_hash_sha256,749784fb7846bb3b52dd8c2f660b53d95d5df30387b87b65b584ef9cc781ae52,2026-09-02,malware,"Gambling Goblin (linked to Earth Berberoka, medium to high confidence)",cybercrime,unknown,unknown,https://research.checkpoint.com/2026/gaming-the-system-how-a-chinese-speaking-actor-turned-brazilian-government-sites-into-an-seo-weapon/,AI generated. SHA256 listed in the Check Point IOC appendix for the Gambling Goblin Linux toolset.,AI agent,medium
file_hash_sha256,8495598b1fec814d72caf76f1460b132071bb7305335331fed3bac9876c6e40c,2026-09-02,malware,"Gambling Goblin (linked to Earth Berberoka, medium to high confidence)",cybercrime,unknown,unknown,https://research.checkpoint.com/2026/gaming-the-system-how-a-chinese-speaking-actor-turned-brazilian-government-sites-into-an-seo-weapon/,AI generated. SHA256 listed in the Check Point IOC appendix for the Gambling Goblin Linux toolset.,AI agent,medium
file_hash_sha256,98e17fe36ff77106bbbb9a04f3e00004bf872b88aab22438076966913ea83322,2026-09-02,malware,"Gambling Goblin (linked to Earth Berberoka, medium to high confidence)",cybercrime,unknown,unknown,https://research.checkpoint.com/2026/gaming-the-system-how-a-chinese-speaking-actor-turned-brazilian-government-sites-into-an-seo-weapon/,AI generated. SHA256 listed in the Check Point IOC appendix for the Gambling Goblin Linux toolset.,AI agent,medium
file_hash_sha256,bcd7e5964630c34f06a43e48d696d99d7abae6b679509ad839ffa5179a972838,2026-09-02,malware,"Gambling Goblin (linked to Earth Berberoka, medium to high confidence)",cybercrime,unknown,unknown,https://research.checkpoint.com/2026/gaming-the-system-how-a-chinese-speaking-actor-turned-brazilian-government-sites-into-an-seo-weapon/,AI generated. SHA256 listed in the Check Point IOC appendix for the Gambling Goblin Linux toolset.,AI agent,medium
file_hash_sha256,24f7296ac5ce844678c5f7470eaf64b28e870108ca06851c8f66a27a52003f12,2026-09-02,malware,"Gambling Goblin (linked to Earth Berberoka, medium to high confidence)",cybercrime,unknown,unknown,https://research.checkpoint.com/2026/gaming-the-system-how-a-chinese-speaking-actor-turned-brazilian-government-sites-into-an-seo-weapon/,AI generated. SHA256 listed in the Check Point IOC appendix for the Gambling Goblin Linux toolset.,AI agent,medium
file_hash_sha256,2de964314a8aacc40897140f6fe21d268e24503a69f9821177e31bca7b1e4035,2026-09-02,malware,"Gambling Goblin (linked to Earth Berberoka, medium to high confidence)",cybercrime,unknown,unknown,https://research.checkpoint.com/2026/gaming-the-system-how-a-chinese-speaking-actor-turned-brazilian-government-sites-into-an-seo-weapon/,AI generated. SHA256 listed in the Check Point IOC appendix for the Gambling Goblin Linux toolset.,AI agent,medium
file_hash_sha256,52863d36a216a86b2f90914db2d9229cba7ea317ab5ee9a678cb229087f04611,2026-09-02,malware,"Gambling Goblin (linked to Earth Berberoka, medium to high confidence)",cybercrime,unknown,unknown,https://research.checkpoint.com/2026/gaming-the-system-how-a-chinese-speaking-actor-turned-brazilian-government-sites-into-an-seo-weapon/,AI generated. SHA256 listed in the Check Point IOC appendix for the Gambling Goblin Linux toolset.,AI agent,medium
file_hash_sha256,9d513a419bf129a42017b29eb7d084451a4f34be0828f6871439ec79f7f9b5fb,2026-09-02,malware,"Gambling Goblin (linked to Earth Berberoka, medium to high confidence)",cybercrime,unknown,unknown,https://research.checkpoint.com/2026/gaming-the-system-how-a-chinese-speaking-actor-turned-brazilian-government-sites-into-an-seo-weapon/,AI generated. SHA256 listed in the Check Point IOC appendix for the Gambling Goblin Linux toolset.,AI agent,medium
file_hash_sha256,d478f867512e18d839180ceafc980c8fb26c3aa7d1c9e96d054819c81afef6f4,2026-09-02,malware,"Gambling Goblin (linked to Earth Berberoka, medium to high confidence)",cybercrime,unknown,unknown,https://research.checkpoint.com/2026/gaming-the-system-how-a-chinese-speaking-actor-turned-brazilian-government-sites-into-an-seo-weapon/,AI generated. SHA256 listed in the Check Point IOC appendix for the Gambling Goblin Linux toolset.,AI agent,medium
file_hash_sha256,b88a7f3288bdf4b97d75dad4e47e5cb3d4e0962b12674a08e32e5f96e762e877,2026-09-02,malware,"Gambling Goblin (linked to Earth Berberoka, medium to high confidence)",cybercrime,unknown,unknown,https://research.checkpoint.com/2026/gaming-the-system-how-a-chinese-speaking-actor-turned-brazilian-government-sites-into-an-seo-weapon/,AI generated. SHA256 listed in the Check Point IOC appendix for the Gambling Goblin Linux toolset.,AI agent,medium
file_hash_sha256,f4aceaf5c0740093f8040f5e0f29c7582a1bd7ab2bca628d162fb45c29045063,2026-09-02,malware,"Gambling Goblin (linked to Earth Berberoka, medium to high confidence)",cybercrime,unknown,unknown,https://research.checkpoint.com/2026/gaming-the-system-how-a-chinese-speaking-actor-turned-brazilian-government-sites-into-an-seo-weapon/,AI generated. SHA256 listed in the Check Point IOC appendix for the Gambling Goblin Linux toolset.,AI agent,medium
file_hash_sha256,2305ae23ea350e31b05b9f071d315ee60c5a88e96ce11be8ff9db16314a6197c,2026-09-02,malware,"Gambling Goblin (linked to Earth Berberoka, medium to high confidence)",cybercrime,unknown,unknown,https://research.checkpoint.com/2026/gaming-the-system-how-a-chinese-speaking-actor-turned-brazilian-government-sites-into-an-seo-weapon/,AI generated. SHA256 listed in the Check Point IOC appendix for the Gambling Goblin Linux toolset.,AI agent,medium
file_hash_sha256,99b5404df81992cad104dd242bc736d75fd6c58af34dc1a75a8ee3c5e1784fa4,2026-09-02,malware,"Gambling Goblin (linked to Earth Berberoka, medium to high confidence)",cybercrime,unknown,unknown,https://research.checkpoint.com/2026/gaming-the-system-how-a-chinese-speaking-actor-turned-brazilian-government-sites-into-an-seo-weapon/,AI generated. SHA256 listed in the Check Point IOC appendix for the Gambling Goblin Linux toolset.,AI agent,medium
file_hash_sha256,85b5e95cbb5103202abebf8f84b91a286994e61b33ddef53355ab0df2a2b6d9a,2026-09-02,malware,"Gambling Goblin (linked to Earth Berberoka, medium to high confidence)",cybercrime,unknown,unknown,https://research.checkpoint.com/2026/gaming-the-system-how-a-chinese-speaking-actor-turned-brazilian-government-sites-into-an-seo-weapon/,AI generated. SHA256 listed in the Check Point IOC appendix for the Gambling Goblin Linux toolset.,AI agent,medium
file_hash_sha256,cff25a9c84c893e32a9a75c1dae385934cf917f709efa11172a53ea2337fa109,2026-09-02,malware,"Gambling Goblin (linked to Earth Berberoka, medium to high confidence)",cybercrime,unknown,unknown,https://research.checkpoint.com/2026/gaming-the-system-how-a-chinese-speaking-actor-turned-brazilian-government-sites-into-an-seo-weapon/,AI generated. SHA256 listed in the Check Point IOC appendix for the Gambling Goblin Linux toolset.,AI agent,medium
file_hash_sha256,154c977a113ff4d94ff2f29f7b93a8d0bd6ad8e67a820c09505117f5d386fd40,2026-09-02,malware,"Gambling Goblin (linked to Earth Berberoka, medium to high confidence)",cybercrime,unknown,unknown,https://research.checkpoint.com/2026/gaming-the-system-how-a-chinese-speaking-actor-turned-brazilian-government-sites-into-an-seo-weapon/,AI generated. SHA256 listed in the Check Point IOC appendix for the Gambling Goblin Linux toolset.,AI agent,medium
file_hash_sha256,67ccc12c0a17dc31388a8c851d076edaaf1213e80398b01d46f5a29b8c7b8b9b,2026-09-02,malware,"Gambling Goblin (linked to Earth Berberoka, medium to high confidence)",cybercrime,unknown,unknown,https://research.checkpoint.com/2026/gaming-the-system-how-a-chinese-speaking-actor-turned-brazilian-government-sites-into-an-seo-weapon/,AI generated. SHA256 listed in the Check Point IOC appendix for the Gambling Goblin Linux toolset.,AI agent,medium
file_hash_sha256,e8bc706b0b007d6a122c6b19e87451e550baee793540774db13b9a08803ed76a,2026-09-02,malware,"Gambling Goblin (linked to Earth Berberoka, medium to high confidence)",cybercrime,unknown,unknown,https://research.checkpoint.com/2026/gaming-the-system-how-a-chinese-speaking-actor-turned-brazilian-government-sites-into-an-seo-weapon/,AI generated. SHA256 listed in the Check Point IOC appendix for the Gambling Goblin Linux toolset.,AI agent,medium
file_hash_sha256,f32dfbe4a2c11a975d735297bf76f6497ce9f5789ab8eaaef3fdd182c2f1f7b1,2026-09-02,malware,"Gambling Goblin (linked to Earth Berberoka, medium to high confidence)",cybercrime,unknown,unknown,https://research.checkpoint.com/2026/gaming-the-system-how-a-chinese-speaking-actor-turned-brazilian-government-sites-into-an-seo-weapon/,AI generated. SHA256 listed in the Check Point IOC appendix for the Gambling Goblin Linux toolset.,AI agent,medium
file_hash_sha256,c59ebe5cf45935c7b5f91b5936fe2c8a5feb7ca161e40ca4e3fb93e447373fa6,2026-09-02,malware,"Gambling Goblin (linked to Earth Berberoka, medium to high confidence)",cybercrime,unknown,unknown,https://research.checkpoint.com/2026/gaming-the-system-how-a-chinese-speaking-actor-turned-brazilian-government-sites-into-an-seo-weapon/,AI generated. SHA256 listed in the Check Point IOC appendix for the Gambling Goblin Linux toolset.,AI agent,medium
file_hash_sha256,3537bfeaf2c18feafeaf773700a88118fd50979d97f2c42c7e34ba6c9aa62820,2026-09-02,malware,"Gambling Goblin (linked to Earth Berberoka, medium to high confidence)",cybercrime,unknown,unknown,https://research.checkpoint.com/2026/gaming-the-system-how-a-chinese-speaking-actor-turned-brazilian-government-sites-into-an-seo-weapon/,AI generated. SHA256 listed in the Check Point IOC appendix for the Gambling Goblin Linux toolset.,AI agent,medium
file_hash_sha256,2949f0b16b83b35dc8a3dfa11815b9516403e3997e13100e7b86f3bb81f6c283,2026-09-02,malware,"Gambling Goblin (linked to Earth Berberoka, medium to high confidence)",cybercrime,unknown,unknown,https://research.checkpoint.com/2026/gaming-the-system-how-a-chinese-speaking-actor-turned-brazilian-government-sites-into-an-seo-weapon/,AI generated. SHA256 listed in the Check Point IOC appendix for the Gambling Goblin Linux toolset.,AI agent,medium
file_hash_sha256,0e7c96a22e3612c68866a8693cc583df95972d3444978ce163c024a45682133a,2026-09-02,malware,"Gambling Goblin (linked to Earth Berberoka, medium to high confidence)",cybercrime,unknown,unknown,https://research.checkpoint.com/2026/gaming-the-system-how-a-chinese-speaking-actor-turned-brazilian-government-sites-into-an-seo-weapon/,AI generated. SHA256 listed in the Check Point IOC appendix for the Gambling Goblin Linux toolset.,AI agent,medium
file_hash_sha256,7d9f5eb3f704607e6f63681842f48071cc58f2f2e63b16b64a49440cb4b9e6e3,2026-09-02,malware,"Gambling Goblin (linked to Earth Berberoka, medium to high confidence)",cybercrime,unknown,unknown,https://research.checkpoint.com/2026/gaming-the-system-how-a-chinese-speaking-actor-turned-brazilian-government-sites-into-an-seo-weapon/,AI generated. SHA256 listed in the Check Point IOC appendix for the Gambling Goblin Linux toolset.,AI agent,medium
file_hash_sha256,8a64d368ce14c5a1f5e775714bcc02f080d0541360743bb4235e0d640f1787b1,2026-09-02,malware,"Gambling Goblin (linked to Earth Berberoka, medium to high confidence)",cybercrime,unknown,unknown,https://research.checkpoint.com/2026/gaming-the-system-how-a-chinese-speaking-actor-turned-brazilian-government-sites-into-an-seo-weapon/,AI generated. SHA256 listed in the Check Point IOC appendix for the Gambling Goblin Linux toolset.,AI agent,medium
file_hash_sha256,36cf87fe2e29cc8b0fd84fce91d70e62a4c4d2fc5f9650dc37440d629ae61b8f,2026-09-02,malware,"Gambling Goblin (linked to Earth Berberoka, medium to high confidence)",cybercrime,unknown,unknown,https://research.checkpoint.com/2026/gaming-the-system-how-a-chinese-speaking-actor-turned-brazilian-government-sites-into-an-seo-weapon/,AI generated. SHA256 listed in the Check Point IOC appendix for the Gambling Goblin Linux toolset.,AI agent,medium
file_hash_sha256,090e886e5605255ad5708e1f27aecc54319de835abd28853e54182981410707e,2026-09-02,malware,"Gambling Goblin (linked to Earth Berberoka, medium to high confidence)",cybercrime,unknown,unknown,https://research.checkpoint.com/2026/gaming-the-system-how-a-chinese-speaking-actor-turned-brazilian-government-sites-into-an-seo-weapon/,AI generated. SHA256 listed in the Check Point IOC appendix for the Gambling Goblin Linux toolset.,AI agent,medium
file_hash_sha256,fa7d8c44a0ecb5ec40832d0d2cfe22c47879317177eae88d178e156f1c8d61a3,2026-09-02,malware,"Gambling Goblin (linked to Earth Berberoka, medium to high confidence)",cybercrime,unknown,unknown,https://research.checkpoint.com/2026/gaming-the-system-how-a-chinese-speaking-actor-turned-brazilian-government-sites-into-an-seo-weapon/,AI generated. SHA256 listed in the Check Point IOC appendix for the Gambling Goblin Linux toolset.,AI agent,medium
file_hash_sha256,d948b486c740b66642a5ae29dc1cb80da703ad40296bcda34a1b27216b63a5cd,2026-09-02,malware,"Gambling Goblin (linked to Earth Berberoka, medium to high confidence)",cybercrime,unknown,unknown,https://research.checkpoint.com/2026/gaming-the-system-how-a-chinese-speaking-actor-turned-brazilian-government-sites-into-an-seo-weapon/,AI generated. SHA256 listed in the Check Point IOC appendix for the Gambling Goblin Linux toolset.,AI agent,medium
file_hash_sha256,612fe3a3ace706725aa5415a1cd1cf18548627b4b40636c5443cb770def30b4c,2026-09-02,malware,"Gambling Goblin (linked to Earth Berberoka, medium to high confidence)",cybercrime,unknown,unknown,https://research.checkpoint.com/2026/gaming-the-system-how-a-chinese-speaking-actor-turned-brazilian-government-sites-into-an-seo-weapon/,AI generated. SHA256 listed in the Check Point IOC appendix for the Gambling Goblin Linux toolset.,AI agent,medium
file_hash_sha256,96488c59287889fcd3b9952ec78b78914fabb901c8b61a7354552439170ed148,2026-09-02,malware,"Gambling Goblin (linked to Earth Berberoka, medium to high confidence)",cybercrime,unknown,unknown,https://research.checkpoint.com/2026/gaming-the-system-how-a-chinese-speaking-actor-turned-brazilian-government-sites-into-an-seo-weapon/,AI generated. SHA256 listed in the Check Point IOC appendix for the Gambling Goblin Linux toolset.,AI agent,medium
domain,rb.aliyuntsl.com,2026-09-02,c2,"Gambling Goblin (linked to Earth Berberoka, medium to high confidence)",cybercrime,unknown,unknown,https://research.checkpoint.com/2026/gaming-the-system-how-a-chinese-speaking-actor-turned-brazilian-government-sites-into-an-seo-weapon/,AI generated. Attacker-controlled domain listed in the Check Point IOC appendix for the Gambling Goblin campaign.,AI agent,medium
domain,br.team-c2.com,2026-09-02,c2,"Gambling Goblin (linked to Earth Berberoka, medium to high confidence)",cybercrime,unknown,unknown,https://research.checkpoint.com/2026/gaming-the-system-how-a-chinese-speaking-actor-turned-brazilian-government-sites-into-an-seo-weapon/,AI generated. Attacker-controlled domain listed in the Check Point IOC appendix for the Gambling Goblin campaign.,AI agent,medium
domain,hwlocal.team-hw.com,2026-09-02,c2,"Gambling Goblin (linked to Earth Berberoka, medium to high confidence)",cybercrime,unknown,unknown,https://research.checkpoint.com/2026/gaming-the-system-how-a-chinese-speaking-actor-turned-brazilian-government-sites-into-an-seo-weapon/,AI generated. Attacker-controlled domain listed in the Check Point IOC appendix for the Gambling Goblin campaign.,AI agent,medium
domain,br.team-hw.com,2026-09-02,c2,"Gambling Goblin (linked to Earth Berberoka, medium to high confidence)",cybercrime,unknown,unknown,https://research.checkpoint.com/2026/gaming-the-system-how-a-chinese-speaking-actor-turned-brazilian-government-sites-into-an-seo-weapon/,AI generated. Attacker-controlled domain listed in the Check Point IOC appendix for the Gambling Goblin campaign.,AI agent,medium
domain,data.mirrors-inc.com,2026-09-02,c2,"Gambling Goblin (linked to Earth Berberoka, medium to high confidence)",cybercrime,unknown,unknown,https://research.checkpoint.com/2026/gaming-the-system-how-a-chinese-speaking-actor-turned-brazilian-government-sites-into-an-seo-weapon/,AI generated. Attacker-controlled domain listed in the Check Point IOC appendix for the Gambling Goblin campaign.,AI agent,medium
domain,team-hw.com,2026-09-02,c2,"Gambling Goblin (linked to Earth Berberoka, medium to high confidence)",cybercrime,unknown,unknown,https://research.checkpoint.com/2026/gaming-the-system-how-a-chinese-speaking-actor-turned-brazilian-government-sites-into-an-seo-weapon/,AI generated. Attacker-controlled domain listed in the Check Point IOC appendix for the Gambling Goblin campaign.,AI agent,medium
domain,update.team-c2.com,2026-09-02,c2,"Gambling Goblin (linked to Earth Berberoka, medium to high confidence)",cybercrime,unknown,unknown,https://research.checkpoint.com/2026/gaming-the-system-how-a-chinese-speaking-actor-turned-brazilian-government-sites-into-an-seo-weapon/,AI generated. Attacker-controlled domain listed in the Check Point IOC appendix for the Gambling Goblin campaign.,AI agent,medium
domain,devops.aliyuntsl.com,2026-09-02,c2,"Gambling Goblin (linked to Earth Berberoka, medium to high confidence)",cybercrime,unknown,unknown,https://research.checkpoint.com/2026/gaming-the-system-how-a-chinese-speaking-actor-turned-brazilian-government-sites-into-an-seo-weapon/,AI generated. Attacker-controlled domain listed in the Check Point IOC appendix for the Gambling Goblin campaign.,AI agent,medium
domain,bageyi.kernel-lib.com,2026-09-02,c2,"Gambling Goblin (linked to Earth Berberoka, medium to high confidence)",cybercrime,unknown,unknown,https://research.checkpoint.com/2026/gaming-the-system-how-a-chinese-speaking-actor-turned-brazilian-government-sites-into-an-seo-weapon/,AI generated. Attacker-controlled domain listed in the Check Point IOC appendix for the Gambling Goblin campaign.,AI agent,medium
domain,8yiu.kernel-lib.com,2026-09-02,c2,"Gambling Goblin (linked to Earth Berberoka, medium to high confidence)",cybercrime,unknown,unknown,https://research.checkpoint.com/2026/gaming-the-system-how-a-chinese-speaking-actor-turned-brazilian-government-sites-into-an-seo-weapon/,AI generated. Attacker-controlled domain listed in the Check Point IOC appendix for the Gambling Goblin campaign.,AI agent,medium
domain,dnslog.kernel-lib.com,2026-09-02,c2,"Gambling Goblin (linked to Earth Berberoka, medium to high confidence)",cybercrime,unknown,unknown,https://research.checkpoint.com/2026/gaming-the-system-how-a-chinese-speaking-actor-turned-brazilian-government-sites-into-an-seo-weapon/,AI generated. Attacker-controlled domain listed in the Check Point IOC appendix for the Gambling Goblin campaign.,AI agent,medium
domain,js.ai-jquery.com,2026-09-02,c2,"Gambling Goblin (linked to Earth Berberoka, medium to high confidence)",cybercrime,unknown,unknown,https://research.checkpoint.com/2026/gaming-the-system-how-a-chinese-speaking-actor-turned-brazilian-government-sites-into-an-seo-weapon/,AI generated. Attacker-controlled domain listed in the Check Point IOC appendix for the Gambling Goblin campaign.,AI agent,medium
domain,api.onlinevrgame.com,2026-09-02,c2,"Gambling Goblin (linked to Earth Berberoka, medium to high confidence)",cybercrime,unknown,unknown,https://research.checkpoint.com/2026/gaming-the-system-how-a-chinese-speaking-actor-turned-brazilian-government-sites-into-an-seo-weapon/,AI generated. Attacker-controlled domain listed in the Check Point IOC appendix for the Gambling Goblin campaign.,AI agent,medium
domain,file.ijjjst23m.com,2026-09-02,c2,"Gambling Goblin (linked to Earth Berberoka, medium to high confidence)",cybercrime,unknown,unknown,https://research.checkpoint.com/2026/gaming-the-system-how-a-chinese-speaking-actor-turned-brazilian-government-sites-into-an-seo-weapon/,AI generated. Attacker-controlled domain listed in the Check Point IOC appendix for the Gambling Goblin campaign.,AI agent,medium
domain,kerneltty.com,2026-09-02,c2,"Gambling Goblin (linked to Earth Berberoka, medium to high confidence)",cybercrime,unknown,unknown,https://research.checkpoint.com/2026/gaming-the-system-how-a-chinese-speaking-actor-turned-brazilian-government-sites-into-an-seo-weapon/,AI generated. Attacker-controlled domain listed in the Check Point IOC appendix for the Gambling Goblin campaign.,AI agent,medium
domain,80.443.team,2026-09-02,c2,"Gambling Goblin (linked to Earth Berberoka, medium to high confidence)",cybercrime,unknown,unknown,https://research.checkpoint.com/2026/gaming-the-system-how-a-chinese-speaking-actor-turned-brazilian-government-sites-into-an-seo-weapon/,AI generated. Attacker-controlled domain listed in the Check Point IOC appendix for the Gambling Goblin campaign.,AI agent,medium
domain,up.443.team,2026-09-02,c2,"Gambling Goblin (linked to Earth Berberoka, medium to high confidence)",cybercrime,unknown,unknown,https://research.checkpoint.com/2026/gaming-the-system-how-a-chinese-speaking-actor-turned-brazilian-government-sites-into-an-seo-weapon/,AI generated. Attacker-controlled domain listed in the Check Point IOC appendix for the Gambling Goblin campaign.,AI agent,medium
domain,404.443.team,2026-09-02,c2,"Gambling Goblin (linked to Earth Berberoka, medium to high confidence)",cybercrime,unknown,unknown,https://research.checkpoint.com/2026/gaming-the-system-how-a-chinese-speaking-actor-turned-brazilian-government-sites-into-an-seo-weapon/,AI generated. Attacker-controlled domain listed in the Check Point IOC appendix for the Gambling Goblin campaign.,AI agent,medium
domain,data.windows-update-cdn.com,2026-09-02,c2,"Gambling Goblin (linked to Earth Berberoka, medium to high confidence)",cybercrime,unknown,unknown,https://research.checkpoint.com/2026/gaming-the-system-how-a-chinese-speaking-actor-turned-brazilian-government-sites-into-an-seo-weapon/,AI generated. Attacker-controlled domain listed in the Check Point IOC appendix for the Gambling Goblin campaign.,AI agent,medium
domain,microsoft-azure-loadbalance.com,2026-09-02,c2,"Gambling Goblin (linked to Earth Berberoka, medium to high confidence)",cybercrime,unknown,unknown,https://research.checkpoint.com/2026/gaming-the-system-how-a-chinese-speaking-actor-turned-brazilian-government-sites-into-an-seo-weapon/,AI generated. Attacker-controlled domain listed in the Check Point IOC appendix for the Gambling Goblin campaign.,AI agent,medium
domain,update.aliyun.la,2026-09-02,c2,"Gambling Goblin (linked to Earth Berberoka, medium to high confidence)",cybercrime,unknown,unknown,https://research.checkpoint.com/2026/gaming-the-system-how-a-chinese-speaking-actor-turned-brazilian-government-sites-into-an-seo-weapon/,AI generated. Attacker-controlled domain listed in the Check Point IOC appendix for the Gambling Goblin campaign.,AI agent,medium
domain,api.gitlab.bet,2026-09-02,c2,"Gambling Goblin (linked to Earth Berberoka, medium to high confidence)",cybercrime,unknown,unknown,https://research.checkpoint.com/2026/gaming-the-system-how-a-chinese-speaking-actor-turned-brazilian-government-sites-into-an-seo-weapon/,AI generated. Attacker-controlled domain listed in the Check Point IOC appendix for the Gambling Goblin campaign.,AI agent,medium
domain,github.la,2026-09-02,c2,"Gambling Goblin (linked to Earth Berberoka, medium to high confidence)",cybercrime,unknown,unknown,https://research.checkpoint.com/2026/gaming-the-system-how-a-chinese-speaking-actor-turned-brazilian-government-sites-into-an-seo-weapon/,AI generated. Attacker-controlled domain listed in the Check Point IOC appendix for the Gambling Goblin campaign.,AI agent,medium
domain,update.opentls2.com,2026-09-02,c2,"Gambling Goblin (linked to Earth Berberoka, medium to high confidence)",cybercrime,unknown,unknown,https://research.checkpoint.com/2026/gaming-the-system-how-a-chinese-speaking-actor-turned-brazilian-government-sites-into-an-seo-weapon/,AI generated. Attacker-controlled domain listed in the Check Point IOC appendix for the Gambling Goblin campaign.,AI agent,medium
domain,playfootball.info,2026-09-02,phishing-site,"Gambling Goblin (linked to Earth Berberoka, medium to high confidence)",cybercrime,unknown,unknown,https://research.checkpoint.com/2026/gaming-the-system-how-a-chinese-speaking-actor-turned-brazilian-government-sites-into-an-seo-weapon/,AI generated. Fake Google Play style gambling page that compromised Brazilian sites reverse-proxy traffic to.,AI agent,medium
ip,154.84.62.160,2026-09-02,c2,"Gambling Goblin (linked to Earth Berberoka, medium to high confidence)",cybercrime,unknown,unknown,https://research.checkpoint.com/2026/gaming-the-system-how-a-chinese-speaking-actor-turned-brazilian-government-sites-into-an-seo-weapon/,AI generated. Command and control IP address listed in the Check Point IOC appendix for Gambling Goblin.,AI agent,medium
ip,154.84.62.128,2026-09-02,c2,"Gambling Goblin (linked to Earth Berberoka, medium to high confidence)",cybercrime,unknown,unknown,https://research.checkpoint.com/2026/gaming-the-system-how-a-chinese-speaking-actor-turned-brazilian-government-sites-into-an-seo-weapon/,AI generated. Command and control IP address listed in the Check Point IOC appendix for Gambling Goblin.,AI agent,medium
ip,154.84.62.149,2026-09-02,c2,"Gambling Goblin (linked to Earth Berberoka, medium to high confidence)",cybercrime,unknown,unknown,https://research.checkpoint.com/2026/gaming-the-system-how-a-chinese-speaking-actor-turned-brazilian-government-sites-into-an-seo-weapon/,AI generated. Command and control IP address listed in the Check Point IOC appendix for Gambling Goblin.,AI agent,medium
ip,154.84.62.145,2026-09-02,c2,"Gambling Goblin (linked to Earth Berberoka, medium to high confidence)",cybercrime,unknown,unknown,https://research.checkpoint.com/2026/gaming-the-system-how-a-chinese-speaking-actor-turned-brazilian-government-sites-into-an-seo-weapon/,AI generated. Command and control IP address listed in the Check Point IOC appendix for Gambling Goblin.,AI agent,medium
ip,15.228.251.82,2026-09-02,c2,"Gambling Goblin (linked to Earth Berberoka, medium to high confidence)",cybercrime,unknown,unknown,https://research.checkpoint.com/2026/gaming-the-system-how-a-chinese-speaking-actor-turned-brazilian-government-sites-into-an-seo-weapon/,AI generated. Command and control IP address listed in the Check Point IOC appendix for Gambling Goblin.,AI agent,medium
ip,56.124.87.60,2026-09-02,c2,"Gambling Goblin (linked to Earth Berberoka, medium to high confidence)",cybercrime,unknown,unknown,https://research.checkpoint.com/2026/gaming-the-system-how-a-chinese-speaking-actor-turned-brazilian-government-sites-into-an-seo-weapon/,AI generated. Command and control IP address listed in the Check Point IOC appendix for Gambling Goblin.,AI agent,medium
ip,18.229.255.14,2026-09-02,c2,"Gambling Goblin (linked to Earth Berberoka, medium to high confidence)",cybercrime,unknown,unknown,https://research.checkpoint.com/2026/gaming-the-system-how-a-chinese-speaking-actor-turned-brazilian-government-sites-into-an-seo-weapon/,AI generated. Command and control IP address listed in the Check Point IOC appendix for Gambling Goblin.,AI agent,medium
ip,18.166.208.57,2026-09-02,c2,"Gambling Goblin (linked to Earth Berberoka, medium to high confidence)",cybercrime,unknown,unknown,https://research.checkpoint.com/2026/gaming-the-system-how-a-chinese-speaking-actor-turned-brazilian-government-sites-into-an-seo-weapon/,AI generated. Command and control IP address listed in the Check Point IOC appendix for Gambling Goblin.,AI agent,medium
ip,18.228.136.28,2026-09-02,c2,"Gambling Goblin (linked to Earth Berberoka, medium to high confidence)",cybercrime,unknown,unknown,https://research.checkpoint.com/2026/gaming-the-system-how-a-chinese-speaking-actor-turned-brazilian-government-sites-into-an-seo-weapon/,AI generated. Command and control IP address listed in the Check Point IOC appendix for Gambling Goblin.,AI agent,medium
ip,43.198.248.193,2026-09-02,c2,"Gambling Goblin (linked to Earth Berberoka, medium to high confidence)",cybercrime,unknown,unknown,https://research.checkpoint.com/2026/gaming-the-system-how-a-chinese-speaking-actor-turned-brazilian-government-sites-into-an-seo-weapon/,AI generated. Command and control IP address listed in the Check Point IOC appendix for Gambling Goblin.,AI agent,medium
ip,43.199.133.195,2026-09-02,c2,"Gambling Goblin (linked to Earth Berberoka, medium to high confidence)",cybercrime,unknown,unknown,https://research.checkpoint.com/2026/gaming-the-system-how-a-chinese-speaking-actor-turned-brazilian-government-sites-into-an-seo-weapon/,AI generated. Command and control IP address listed in the Check Point IOC appendix for Gambling Goblin.,AI agent,medium
ip,18.166.243.179,2026-09-02,c2,"Gambling Goblin (linked to Earth Berberoka, medium to high confidence)",cybercrime,unknown,unknown,https://research.checkpoint.com/2026/gaming-the-system-how-a-chinese-speaking-actor-turned-brazilian-government-sites-into-an-seo-weapon/,AI generated. Command and control IP address listed in the Check Point IOC appendix for Gambling Goblin.,AI agent,medium
ip,18.164.116.24,2026-09-02,c2,"Gambling Goblin (linked to Earth Berberoka, medium to high confidence)",cybercrime,unknown,unknown,https://research.checkpoint.com/2026/gaming-the-system-how-a-chinese-speaking-actor-turned-brazilian-government-sites-into-an-seo-weapon/,AI generated. Command and control IP address listed in the Check Point IOC appendix for Gambling Goblin.,AI agent,medium
ip,13.203.9.172,2026-09-02,c2,"Gambling Goblin (linked to Earth Berberoka, medium to high confidence)",cybercrime,unknown,unknown,https://research.checkpoint.com/2026/gaming-the-system-how-a-chinese-speaking-actor-turned-brazilian-government-sites-into-an-seo-weapon/,AI generated. Command and control IP address listed in the Check Point IOC appendix for Gambling Goblin.,AI agent,medium
ip,43.198.30.170,2026-09-02,c2,"Gambling Goblin (linked to Earth Berberoka, medium to high confidence)",cybercrime,unknown,unknown,https://research.checkpoint.com/2026/gaming-the-system-how-a-chinese-speaking-actor-turned-brazilian-government-sites-into-an-seo-weapon/,AI generated. Command and control IP address listed in the Check Point IOC appendix for Gambling Goblin.,AI agent,medium
ip,18.162.210.53,2026-09-02,c2,"Gambling Goblin (linked to Earth Berberoka, medium to high confidence)",cybercrime,unknown,unknown,https://research.checkpoint.com/2026/gaming-the-system-how-a-chinese-speaking-actor-turned-brazilian-government-sites-into-an-seo-weapon/,AI generated. Command and control IP address listed in the Check Point IOC appendix for Gambling Goblin.,AI agent,medium
ip,56.125.218.234,2026-09-02,c2,"Gambling Goblin (linked to Earth Berberoka, medium to high confidence)",cybercrime,unknown,unknown,https://research.checkpoint.com/2026/gaming-the-system-how-a-chinese-speaking-actor-turned-brazilian-government-sites-into-an-seo-weapon/,AI generated. Command and control IP address listed in the Check Point IOC appendix for Gambling Goblin.,AI agent,medium
ip,18.228.195.216,2026-09-02,c2,"Gambling Goblin (linked to Earth Berberoka, medium to high confidence)",cybercrime,unknown,unknown,https://research.checkpoint.com/2026/gaming-the-system-how-a-chinese-speaking-actor-turned-brazilian-government-sites-into-an-seo-weapon/,AI generated. Command and control IP address listed in the Check Point IOC appendix for Gambling Goblin.,AI agent,medium
ip,56.124.49.89,2026-09-02,c2,"Gambling Goblin (linked to Earth Berberoka, medium to high confidence)",cybercrime,unknown,unknown,https://research.checkpoint.com/2026/gaming-the-system-how-a-chinese-speaking-actor-turned-brazilian-government-sites-into-an-seo-weapon/,AI generated. Command and control IP address listed in the Check Point IOC appendix for Gambling Goblin.,AI agent,medium
ip,54.207.196.189,2026-09-02,c2,"Gambling Goblin (linked to Earth Berberoka, medium to high confidence)",cybercrime,unknown,unknown,https://research.checkpoint.com/2026/gaming-the-system-how-a-chinese-speaking-actor-turned-brazilian-government-sites-into-an-seo-weapon/,AI generated. Command and control IP address listed in the Check Point IOC appendix for Gambling Goblin.,AI agent,medium
ip,165.22.101.200,2026-09-02,c2,"Gambling Goblin (linked to Earth Berberoka, medium to high confidence)",cybercrime,unknown,unknown,https://research.checkpoint.com/2026/gaming-the-system-how-a-chinese-speaking-actor-turned-brazilian-government-sites-into-an-seo-weapon/,AI generated. Command and control IP address listed in the Check Point IOC appendix for Gambling Goblin.,AI agent,medium
ip,172.80.8.202,2026-09-02,c2,"Gambling Goblin (linked to Earth Berberoka, medium to high confidence)",cybercrime,unknown,unknown,https://research.checkpoint.com/2026/gaming-the-system-how-a-chinese-speaking-actor-turned-brazilian-government-sites-into-an-seo-weapon/,AI generated. Command and control IP address listed in the Check Point IOC appendix for Gambling Goblin.,AI agent,medium
ip,104.206.37.134,2026-09-02,c2,"Gambling Goblin (linked to Earth Berberoka, medium to high confidence)",cybercrime,unknown,unknown,https://research.checkpoint.com/2026/gaming-the-system-how-a-chinese-speaking-actor-turned-brazilian-government-sites-into-an-seo-weapon/,AI generated. Command and control IP address listed in the Check Point IOC appendix for Gambling Goblin.,AI agent,medium
ip,108.187.28.158,2026-09-02,c2,"Gambling Goblin (linked to Earth Berberoka, medium to high confidence)",cybercrime,unknown,unknown,https://research.checkpoint.com/2026/gaming-the-system-how-a-chinese-speaking-actor-turned-brazilian-government-sites-into-an-seo-weapon/,AI generated. Command and control IP address listed in the Check Point IOC appendix for Gambling Goblin.,AI agent,medium
ip,202.146.222.18,2026-09-02,c2,"Gambling Goblin (linked to Earth Berberoka, medium to high confidence)",cybercrime,unknown,unknown,https://research.checkpoint.com/2026/gaming-the-system-how-a-chinese-speaking-actor-turned-brazilian-government-sites-into-an-seo-weapon/,AI generated. Command and control IP address listed in the Check Point IOC appendix for Gambling Goblin.,AI agent,medium
ip,192.253.229.23,2026-09-02,c2,"Gambling Goblin (linked to Earth Berberoka, medium to high confidence)",cybercrime,unknown,unknown,https://research.checkpoint.com/2026/gaming-the-system-how-a-chinese-speaking-actor-turned-brazilian-government-sites-into-an-seo-weapon/,AI generated. Command and control IP address listed in the Check Point IOC appendix for Gambling Goblin.,AI agent,medium
ip,16.162.255.92,2026-09-02,c2,"Gambling Goblin (linked to Earth Berberoka, medium to high confidence)",cybercrime,unknown,unknown,https://research.checkpoint.com/2026/gaming-the-system-how-a-chinese-speaking-actor-turned-brazilian-government-sites-into-an-seo-weapon/,AI generated. Command and control IP address listed in the Check Point IOC appendix for Gambling Goblin.,AI agent,medium
ip,13.250.18.158,2026-09-02,c2,"Gambling Goblin (linked to Earth Berberoka, medium to high confidence)",cybercrime,unknown,unknown,https://research.checkpoint.com/2026/gaming-the-system-how-a-chinese-speaking-actor-turned-brazilian-government-sites-into-an-seo-weapon/,AI generated. Command and control IP address listed in the Check Point IOC appendix for Gambling Goblin.,AI agent,medium
ip,18.163.182.231,2026-09-02,c2,"Gambling Goblin (linked to Earth Berberoka, medium to high confidence)",cybercrime,unknown,unknown,https://research.checkpoint.com/2026/gaming-the-system-how-a-chinese-speaking-actor-turned-brazilian-government-sites-into-an-seo-weapon/,AI generated. Command and control IP address listed in the Check Point IOC appendix for Gambling Goblin.,AI agent,medium
ip,204.16.172.106,2026-09-02,c2,"Gambling Goblin (linked to Earth Berberoka, medium to high confidence)",cybercrime,unknown,unknown,https://research.checkpoint.com/2026/gaming-the-system-how-a-chinese-speaking-actor-turned-brazilian-government-sites-into-an-seo-weapon/,AI generated. Command and control IP address listed in the Check Point IOC appendix for Gambling Goblin.,AI agent,medium
file_hash_sha256,e901df53873d5379ad9399c63d3e014c7be188a7599b32e5b36b1de1cf7d5fba,2026-09-03,malware,unknown,unknown,unknown,unknown,https://www.security.com/threat-intelligence/node-js-returns-ransomware,AI generated. SHA256 listed in the Symantec file indicators for the Node.js based intrusion activity.,AI agent,medium
file_hash_sha256,d965de63dbd27abb00efeb9bea029cd38952dc5c268b61a522b2358d8452e43a,2026-09-03,malware,unknown,unknown,unknown,unknown,https://www.security.com/threat-intelligence/node-js-returns-ransomware,AI generated. SHA256 listed in the Symantec file indicators for the Node.js based intrusion activity.,AI agent,medium
file_hash_sha256,24d71cb6cf6d34871031564c3f104195b812f8e72ceffb1f0ce1936998531e6f,2026-09-03,malware,unknown,unknown,unknown,unknown,https://www.security.com/threat-intelligence/node-js-returns-ransomware,AI generated. SHA256 listed in the Symantec file indicators for the Node.js based intrusion activity.,AI agent,medium
file_hash_sha256,164cad33a0b076a6d01263e159ad06d2e7b1e9e1ace43294c252b11699022485,2026-09-03,malware,unknown,unknown,unknown,unknown,https://www.security.com/threat-intelligence/node-js-returns-ransomware,AI generated. SHA256 listed in the Symantec file indicators for the Node.js based intrusion activity.,AI agent,medium
file_hash_sha256,8238fa99927aea6a6837792e5c8122ecd9458dd1164a8fd6c86da6794278bcef,2026-09-03,malware,unknown,unknown,unknown,unknown,https://www.security.com/threat-intelligence/node-js-returns-ransomware,AI generated. SHA256 listed in the Symantec file indicators for the Node.js based intrusion activity.,AI agent,medium
file_hash_sha256,5a27de542f8e4f5f9020baea00ff9e92a5d9a76e3c5143bcfccb55a4ab0be351,2026-09-03,malware,unknown,unknown,unknown,unknown,https://www.security.com/threat-intelligence/node-js-returns-ransomware,AI generated. SHA256 listed in the Symantec file indicators for the Node.js based intrusion activity.,AI agent,medium
file_hash_sha256,59358233a269ce587a1b24ca35e79ab294ce560b43555b500d02cf03687c4fcf,2026-09-03,malware,unknown,unknown,unknown,unknown,https://www.security.com/threat-intelligence/node-js-returns-ransomware,AI generated. SHA256 listed in the Symantec file indicators for the Node.js based intrusion activity.,AI agent,medium
file_hash_sha256,e237801a9ef693d0d4c7d148965bb50c90946b43b8b9e00aa5e39fe5393a26e9,2026-09-03,malware,unknown,unknown,unknown,unknown,https://www.security.com/threat-intelligence/node-js-returns-ransomware,AI generated. SHA256 listed in the Symantec file indicators for the Node.js based intrusion activity.,AI agent,medium
file_hash_sha256,08ea6bcce44b13813b321599b1ec88bb2c61314106286eca60402f7e738f3c4d,2026-09-03,malware,unknown,unknown,unknown,unknown,https://www.security.com/threat-intelligence/node-js-returns-ransomware,AI generated. SHA256 listed in the Symantec file indicators for the Node.js based intrusion activity.,AI agent,medium
file_hash_sha256,cd211247d1c1c1ca4d77418fea60efafd0736017ef35c9191aed85c684adc153,2026-09-03,malware,unknown,unknown,unknown,unknown,https://www.security.com/threat-intelligence/node-js-returns-ransomware,AI generated. SHA256 listed in the Symantec file indicators for the Node.js based intrusion activity.,AI agent,medium
file_hash_sha256,466762502123d91be56d9c5a3b92a55c7e3a8c8939a3006cfaee565440ffe5e4,2026-09-03,malware,unknown,unknown,unknown,unknown,https://www.security.com/threat-intelligence/node-js-returns-ransomware,AI generated. SHA256 listed in the Symantec file indicators for the Node.js based intrusion activity.,AI agent,medium
file_hash_sha256,c854382d457eddbae9887350f9f19a2bc35c02968900b8f534503d0dcbd824a5,2026-09-03,malware,unknown,unknown,unknown,unknown,https://www.security.com/threat-intelligence/node-js-returns-ransomware,AI generated. SHA256 listed in the Symantec file indicators for the Node.js based intrusion activity.,AI agent,medium
file_hash_sha256,1a8739e2dedebc971743dd0c985526f2373f871f9c31c5b2258a5e8b373e4df2,2026-09-03,malware,unknown,unknown,unknown,unknown,https://www.security.com/threat-intelligence/node-js-returns-ransomware,AI generated. SHA256 listed in the Symantec file indicators for the Node.js based intrusion activity.,AI agent,medium
file_hash_sha256,1d09357b6a096fdc35cd5c873eed15665d6b3c879d20c8cf01e6bca0005512cf,2026-09-03,malware,unknown,unknown,unknown,unknown,https://www.security.com/threat-intelligence/node-js-returns-ransomware,AI generated. SHA256 listed in the Symantec file indicators for the Node.js based intrusion activity.,AI agent,medium
file_hash_sha256,1e41c7bfaa6aa3b93b6cc024274a10e33f3e12fe7c98c1db387ef8927f9d1984,2026-09-03,malware,unknown,unknown,unknown,unknown,https://www.security.com/threat-intelligence/node-js-returns-ransomware,AI generated. SHA256 listed in the Symantec file indicators for the Node.js based intrusion activity.,AI agent,medium
file_hash_sha256,1fc515870c681bf3e1b7947e2248bbcfe9918db2978117e91134de20bd42fd6a,2026-09-03,malware,unknown,unknown,unknown,unknown,https://www.security.com/threat-intelligence/node-js-returns-ransomware,AI generated. SHA256 listed in the Symantec file indicators for the Node.js based intrusion activity.,AI agent,medium
file_hash_sha256,210615866cd2923cc0840f196eb12c00feee113e43850376803c8e024f7e63ce,2026-09-03,malware,unknown,unknown,unknown,unknown,https://www.security.com/threat-intelligence/node-js-returns-ransomware,AI generated. SHA256 listed in the Symantec file indicators for the Node.js based intrusion activity.,AI agent,medium
file_hash_sha256,232b5115f4b78fe01c6497b1039b85ee57f6a58abd095dc80ea4d3c5e6cef6d6,2026-09-03,malware,unknown,unknown,unknown,unknown,https://www.security.com/threat-intelligence/node-js-returns-ransomware,AI generated. SHA256 listed in the Symantec file indicators for the Node.js based intrusion activity.,AI agent,medium
file_hash_sha256,2cd88d5280a61714836f5f07a16df190911c5b952af2998dbbcda910b3b1c494,2026-09-03,malware,unknown,unknown,unknown,unknown,https://www.security.com/threat-intelligence/node-js-returns-ransomware,AI generated. SHA256 listed in the Symantec file indicators for the Node.js based intrusion activity.,AI agent,medium
file_hash_sha256,34d798a6c55e57ed0932b6499f4fbcb5454bdfca903307be101a0594b0ac07bc,2026-09-03,malware,unknown,unknown,unknown,unknown,https://www.security.com/threat-intelligence/node-js-returns-ransomware,AI generated. SHA256 listed in the Symantec file indicators for the Node.js based intrusion activity.,AI agent,medium
file_hash_sha256,374d7008d9ba33b440d1838561f59d936a25092e4dc60def6346a9486a799906,2026-09-03,malware,unknown,unknown,unknown,unknown,https://www.security.com/threat-intelligence/node-js-returns-ransomware,AI generated. SHA256 listed in the Symantec file indicators for the Node.js based intrusion activity.,AI agent,medium
file_hash_sha256,3f797a639bc855bc6d5471f327924b62d10900ddec49b970eca6604142bbb4be,2026-09-03,malware,unknown,unknown,unknown,unknown,https://www.security.com/threat-intelligence/node-js-returns-ransomware,AI generated. SHA256 listed in the Symantec file indicators for the Node.js based intrusion activity.,AI agent,medium
file_hash_sha256,59e3c4cb06331b4f2d78a9a0592f3747e573bd01c5a7650c26361d1e25520712,2026-09-03,malware,unknown,unknown,unknown,unknown,https://www.security.com/threat-intelligence/node-js-returns-ransomware,AI generated. SHA256 listed in the Symantec file indicators for the Node.js based intrusion activity.,AI agent,medium
file_hash_sha256,72db2ea09c8d4e09ef99e1342b42491a6aebf6008a1e5337131c8bde06b2ea22,2026-09-03,malware,unknown,unknown,unknown,unknown,https://www.security.com/threat-intelligence/node-js-returns-ransomware,AI generated. SHA256 listed in the Symantec file indicators for the Node.js based intrusion activity.,AI agent,medium
file_hash_sha256,7d4fb94f6b4623690daea67ed52e97705cb102f443988ff605f2a9c4898244dc,2026-09-03,malware,unknown,unknown,unknown,unknown,https://www.security.com/threat-intelligence/node-js-returns-ransomware,AI generated. SHA256 listed in the Symantec file indicators for the Node.js based intrusion activity.,AI agent,medium
file_hash_sha256,7f0754c3c3146efb451ac8e80ef6c3d61395e7974485b94e20ce436341a41240,2026-09-03,malware,unknown,unknown,unknown,unknown,https://www.security.com/threat-intelligence/node-js-returns-ransomware,AI generated. SHA256 listed in the Symantec file indicators for the Node.js based intrusion activity.,AI agent,medium
file_hash_sha256,83e970feb3f10692c164f6889f7a026f135c2433e5bf8e662a6e63a3b81267b7,2026-09-03,malware,unknown,unknown,unknown,unknown,https://www.security.com/threat-intelligence/node-js-returns-ransomware,AI generated. SHA256 listed in the Symantec file indicators for the Node.js based intrusion activity.,AI agent,medium
file_hash_sha256,8c935feec4bd05d5d918df308be417532fb42608fb989a08eab183e0ae699235,2026-09-03,malware,unknown,unknown,unknown,unknown,https://www.security.com/threat-intelligence/node-js-returns-ransomware,AI generated. SHA256 listed in the Symantec file indicators for the Node.js based intrusion activity.,AI agent,medium
file_hash_sha256,9e52cc90cff150abe21f0a6440e86e0a99ff383b81061b96def8948e21d0ac66,2026-09-03,malware,unknown,unknown,unknown,unknown,https://www.security.com/threat-intelligence/node-js-returns-ransomware,AI generated. SHA256 listed in the Symantec file indicators for the Node.js based intrusion activity.,AI agent,medium
file_hash_sha256,a98dde0e43267e973bd88cb630791cb0b667b8a2e788dc47adf2e85e813eea86,2026-09-03,malware,unknown,unknown,unknown,unknown,https://www.security.com/threat-intelligence/node-js-returns-ransomware,AI generated. SHA256 listed in the Symantec file indicators for the Node.js based intrusion activity.,AI agent,medium
file_hash_sha256,afd5f1ed45a9867daf3bc64152cef460a06b164c8183e490db39146d4749a82c,2026-09-03,malware,unknown,unknown,unknown,unknown,https://www.security.com/threat-intelligence/node-js-returns-ransomware,AI generated. SHA256 listed in the Symantec file indicators for the Node.js based intrusion activity.,AI agent,medium
file_hash_sha256,b0f918666bb11e8f25956cdfe240bc26b4bd3192f93c123a056fe3df6801a5f5,2026-09-03,malware,unknown,unknown,unknown,unknown,https://www.security.com/threat-intelligence/node-js-returns-ransomware,AI generated. SHA256 listed in the Symantec file indicators for the Node.js based intrusion activity.,AI agent,medium
file_hash_sha256,b2fe498de7a56646df1a00db3513a6c31eb660fa0405c00cdd2219f26c29ca23,2026-09-03,malware,unknown,unknown,unknown,unknown,https://www.security.com/threat-intelligence/node-js-returns-ransomware,AI generated. SHA256 listed in the Symantec file indicators for the Node.js based intrusion activity.,AI agent,medium
file_hash_sha256,bdd376d48d5ed482ed48e93ae80579b7c089a3c854225b97cf5f2291ebdb476b,2026-09-03,malware,unknown,unknown,unknown,unknown,https://www.security.com/threat-intelligence/node-js-returns-ransomware,AI generated. SHA256 listed in the Symantec file indicators for the Node.js based intrusion activity.,AI agent,medium
file_hash_sha256,ced6b0f44410f6133ad63b61e04613a8b56cc3338d7b34497540e9541163e7ec,2026-09-03,malware,unknown,unknown,unknown,unknown,https://www.security.com/threat-intelligence/node-js-returns-ransomware,AI generated. SHA256 listed in the Symantec file indicators for the Node.js based intrusion activity.,AI agent,medium
file_hash_sha256,d2705499d24772fa25049f6a58d873a2ff6607d01c64622e85977e7d17d5df41,2026-09-03,malware,unknown,unknown,unknown,unknown,https://www.security.com/threat-intelligence/node-js-returns-ransomware,AI generated. SHA256 listed in the Symantec file indicators for the Node.js based intrusion activity.,AI agent,medium
file_hash_sha256,d2c60d76e65f547baa13f156470b10f8059082be5603a6e04dd75315043c0a50,2026-09-03,malware,unknown,unknown,unknown,unknown,https://www.security.com/threat-intelligence/node-js-returns-ransomware,AI generated. SHA256 listed in the Symantec file indicators for the Node.js based intrusion activity.,AI agent,medium
file_hash_sha256,d2c637235d62ad766f961f9b8563f6a0e6db2ec0a343470385991b4df826afbc,2026-09-03,malware,unknown,unknown,unknown,unknown,https://www.security.com/threat-intelligence/node-js-returns-ransomware,AI generated. SHA256 listed in the Symantec file indicators for the Node.js based intrusion activity.,AI agent,medium
file_hash_sha256,d3e64a86909201f930c35b0f1e93e7a2c40a680e951d1fbb78b3047b8cb5c780,2026-09-03,malware,unknown,unknown,unknown,unknown,https://www.security.com/threat-intelligence/node-js-returns-ransomware,AI generated. SHA256 listed in the Symantec file indicators for the Node.js based intrusion activity.,AI agent,medium
file_hash_sha256,db972979d508e75fe730d3b72c2701470fbdaeaf8ebdd674744754fa44438ca5,2026-09-03,malware,unknown,unknown,unknown,unknown,https://www.security.com/threat-intelligence/node-js-returns-ransomware,AI generated. SHA256 listed in the Symantec file indicators for the Node.js based intrusion activity.,AI agent,medium
file_hash_sha256,ebadfe4f370b6129402df7107581c7142c916aa7b0fae588540ab16beb5c4cae,2026-09-03,malware,unknown,unknown,unknown,unknown,https://www.security.com/threat-intelligence/node-js-returns-ransomware,AI generated. SHA256 listed in the Symantec file indicators for the Node.js based intrusion activity.,AI agent,medium
file_hash_sha256,f591275a8f014b29e567529d67c54eb7bb4473db1c38737d6bfd5b3d52c9344e,2026-09-03,malware,unknown,unknown,unknown,unknown,https://www.security.com/threat-intelligence/node-js-returns-ransomware,AI generated. SHA256 listed in the Symantec file indicators for the Node.js based intrusion activity.,AI agent,medium
file_hash_sha256,fb3630822b70bacb56aa4cec29b5a0e3e9acb3920809e70310a4003385a6d34a,2026-09-03,malware,unknown,unknown,unknown,unknown,https://www.security.com/threat-intelligence/node-js-returns-ransomware,AI generated. SHA256 listed in the Symantec file indicators for the Node.js based intrusion activity.,AI agent,medium
ip,142.93.242.144,2026-09-03,c2,unknown,unknown,unknown,unknown,https://www.security.com/threat-intelligence/node-js-returns-ransomware,AI generated. Attacker infrastructure IP reported by Symantec in the Node.js implant and payload staging activity.,AI agent,medium
ip,144.31.53.78,2026-09-03,c2,unknown,unknown,unknown,unknown,https://www.security.com/threat-intelligence/node-js-returns-ransomware,AI generated. Attacker infrastructure IP reported by Symantec in the Node.js implant and payload staging activity.,AI agent,medium
ip,198.13.159.44,2026-09-03,c2,unknown,unknown,unknown,unknown,https://www.security.com/threat-intelligence/node-js-returns-ransomware,AI generated. Attacker infrastructure IP reported by Symantec in the Node.js implant and payload staging activity.,AI agent,medium
ip,199.91.221.42,2026-09-03,c2,unknown,unknown,unknown,unknown,https://www.security.com/threat-intelligence/node-js-returns-ransomware,AI generated. Attacker infrastructure IP reported by Symantec in the Node.js implant and payload staging activity.,AI agent,medium
ip,45.158.196.23,2026-09-03,c2,unknown,unknown,unknown,unknown,https://www.security.com/threat-intelligence/node-js-returns-ransomware,AI generated. Attacker infrastructure IP reported by Symantec in the Node.js implant and payload staging activity.,AI agent,medium
ip,185.205.211.217,2026-09-03,c2,unknown,unknown,unknown,unknown,https://www.security.com/threat-intelligence/node-js-returns-ransomware,AI generated. Attacker infrastructure IP reported by Symantec in the Node.js implant and payload staging activity.,AI agent,medium
ip,178.16.55.232,2026-09-03,c2,unknown,unknown,unknown,unknown,https://www.security.com/threat-intelligence/node-js-returns-ransomware,AI generated. Attacker infrastructure IP reported by Symantec in the Node.js implant and payload staging activity.,AI agent,medium
ip,199.231.70.175,2026-09-03,c2,unknown,unknown,unknown,unknown,https://www.security.com/threat-intelligence/node-js-returns-ransomware,AI generated. Attacker infrastructure IP reported by Symantec in the Node.js implant and payload staging activity.,AI agent,medium
ip,178.16.54.253,2026-09-03,c2,unknown,unknown,unknown,unknown,https://www.security.com/threat-intelligence/node-js-returns-ransomware,AI generated. Attacker infrastructure IP reported by Symantec in the Node.js implant and payload staging activity.,AI agent,medium
ip,193.58.122.42,2026-09-03,c2,unknown,unknown,unknown,unknown,https://www.security.com/threat-intelligence/node-js-returns-ransomware,AI generated. Attacker infrastructure IP reported by Symantec in the Node.js implant and payload staging activity.,AI agent,medium
ip,94.156.114.250,2026-09-03,c2,unknown,unknown,unknown,unknown,https://www.security.com/threat-intelligence/node-js-returns-ransomware,AI generated. Attacker infrastructure IP reported by Symantec in the Node.js implant and payload staging activity.,AI agent,medium
domain,chat.doctecsolutions.com,2026-09-03,c2,unknown,unknown,unknown,unknown,https://www.security.com/threat-intelligence/node-js-returns-ransomware,AI generated. Domain listed in the Symantec network indicators for the Node.js based intrusions.,AI agent,medium
domain,design.devminelimited.com,2026-09-03,c2,unknown,unknown,unknown,unknown,https://www.security.com/threat-intelligence/node-js-returns-ransomware,AI generated. Domain listed in the Symantec network indicators for the Node.js based intrusions.,AI agent,medium
domain,planner.devminelimited.com,2026-09-03,c2,unknown,unknown,unknown,unknown,https://www.security.com/threat-intelligence/node-js-returns-ransomware,AI generated. Domain listed in the Symantec network indicators for the Node.js based intrusions.,AI agent,medium
domain,video.technodatabase.net,2026-09-03,c2,unknown,unknown,unknown,unknown,https://www.security.com/threat-intelligence/node-js-returns-ransomware,AI generated. Domain listed in the Symantec network indicators for the Node.js based intrusions.,AI agent,medium
domain,api.technodatabase.net,2026-09-03,c2,unknown,unknown,unknown,unknown,https://www.security.com/threat-intelligence/node-js-returns-ransomware,AI generated. Domain listed in the Symantec network indicators for the Node.js based intrusions.,AI agent,medium
domain,summonhood.com,2026-09-03,c2,unknown,unknown,unknown,unknown,https://www.security.com/threat-intelligence/node-js-returns-ransomware,AI generated. Domain listed in the Symantec network indicators for the Node.js based intrusions.,AI agent,medium
domain,rebronzeal.com,2026-09-03,c2,unknown,unknown,unknown,unknown,https://www.security.com/threat-intelligence/node-js-returns-ransomware,AI generated. Domain listed in the Symantec network indicators for the Node.js based intrusions.,AI agent,medium
domain,chat.devminelimited.com,2026-09-03,c2,unknown,unknown,unknown,unknown,https://www.security.com/threat-intelligence/node-js-returns-ransomware,AI generated. Domain listed in the Symantec network indicators for the Node.js based intrusions.,AI agent,medium
domain,docs.datalayerservice.com,2026-09-03,c2,unknown,unknown,unknown,unknown,https://www.security.com/threat-intelligence/node-js-returns-ransomware,AI generated. Domain listed in the Symantec network indicators for the Node.js based intrusions.,AI agent,medium
domain,api.datalayerservice.com,2026-09-03,c2,unknown,unknown,unknown,unknown,https://www.security.com/threat-intelligence/node-js-returns-ransomware,AI generated. Domain listed in the Symantec network indicators for the Node.js based intrusions.,AI agent,medium
domain,resources.datalayerservice.com,2026-09-03,c2,unknown,unknown,unknown,unknown,https://www.security.com/threat-intelligence/node-js-returns-ransomware,AI generated. Domain listed in the Symantec network indicators for the Node.js based intrusions.,AI agent,medium
domain,srv.doctecsolutions.com,2026-09-03,c2,unknown,unknown,unknown,unknown,https://www.security.com/threat-intelligence/node-js-returns-ransomware,AI generated. Domain listed in the Symantec network indicators for the Node.js based intrusions.,AI agent,medium
domain,strapness.com,2026-09-03,c2,unknown,unknown,unknown,unknown,https://www.security.com/threat-intelligence/node-js-returns-ransomware,AI generated. Domain listed in the Symantec network indicators for the Node.js based intrusions.,AI agent,medium
domain,microsoft.desereyunton.workers.dev,2026-09-03,c2,unknown,unknown,unknown,unknown,https://www.security.com/threat-intelligence/node-js-returns-ransomware,AI generated. Domain listed in the Symantec network indicators for the Node.js based intrusions.,AI agent,medium
domain,authorized-logins.net,2026-09-03,c2,unknown,unknown,unknown,unknown,https://www.security.com/threat-intelligence/node-js-returns-ransomware,AI generated. Domain listed in the Symantec network indicators for the Node.js based intrusions.,AI agent,medium
domain,b6w9m2z5x8q1v3k.top,2026-09-03,c2,unknown,unknown,unknown,unknown,https://www.security.com/threat-intelligence/node-js-returns-ransomware,AI generated. Domain listed in the Symantec network indicators for the Node.js based intrusions.,AI agent,medium
domain,bestopebel.pl,2026-09-03,c2,unknown,unknown,unknown,unknown,https://www.security.com/threat-intelligence/node-js-returns-ransomware,AI generated. Domain listed in the Symantec network indicators for the Node.js based intrusions.,AI agent,medium
domain,bookphotohot.pro,2026-09-03,c2,unknown,unknown,unknown,unknown,https://www.security.com/threat-intelligence/node-js-returns-ransomware,AI generated. Domain listed in the Symantec network indicators for the Node.js based intrusions.,AI agent,medium
domain,bookphotoreserv.pro,2026-09-03,c2,unknown,unknown,unknown,unknown,https://www.security.com/threat-intelligence/node-js-returns-ransomware,AI generated. Domain listed in the Symantec network indicators for the Node.js based intrusions.,AI agent,medium
domain,carrolc.com,2026-09-03,c2,unknown,unknown,unknown,unknown,https://www.security.com/threat-intelligence/node-js-returns-ransomware,AI generated. Domain listed in the Symantec network indicators for the Node.js based intrusions.,AI agent,medium
domain,challenge-refernow.com,2026-09-03,c2,unknown,unknown,unknown,unknown,https://www.security.com/threat-intelligence/node-js-returns-ransomware,AI generated. Domain listed in the Symantec network indicators for the Node.js based intrusions.,AI agent,medium
domain,cj06y9v4xab.com,2026-09-03,c2,unknown,unknown,unknown,unknown,https://www.security.com/threat-intelligence/node-js-returns-ransomware,AI generated. Domain listed in the Symantec network indicators for the Node.js based intrusions.,AI agent,medium
domain,csa-humanchecknow.com,2026-09-03,c2,unknown,unknown,unknown,unknown,https://www.security.com/threat-intelligence/node-js-returns-ransomware,AI generated. Domain listed in the Symantec network indicators for the Node.js based intrusions.,AI agent,medium
domain,cwrtwright.com,2026-09-03,c2,unknown,unknown,unknown,unknown,https://www.security.com/threat-intelligence/node-js-returns-ransomware,AI generated. Domain listed in the Symantec network indicators for the Node.js based intrusions.,AI agent,medium
domain,defs.updater-worelos.com,2026-09-03,c2,unknown,unknown,unknown,unknown,https://www.security.com/threat-intelligence/node-js-returns-ransomware,AI generated. Domain listed in the Symantec network indicators for the Node.js based intrusions.,AI agent,medium
domain,drivefeedback.com,2026-09-03,c2,unknown,unknown,unknown,unknown,https://www.security.com/threat-intelligence/node-js-returns-ransomware,AI generated. Domain listed in the Symantec network indicators for the Node.js based intrusions.,AI agent,medium
domain,formulario.puentelargo.org,2026-09-03,c2,unknown,unknown,unknown,unknown,https://www.security.com/threat-intelligence/node-js-returns-ransomware,AI generated. Domain listed in the Symantec network indicators for the Node.js based intrusions.,AI agent,medium
domain,ftps.upd-domain-goloro.com,2026-09-03,c2,unknown,unknown,unknown,unknown,https://www.security.com/threat-intelligence/node-js-returns-ransomware,AI generated. Domain listed in the Symantec network indicators for the Node.js based intrusions.,AI agent,medium
domain,grande-luna.top,2026-09-03,c2,unknown,unknown,unknown,unknown,https://www.security.com/threat-intelligence/node-js-returns-ransomware,AI generated. Domain listed in the Symantec network indicators for the Node.js based intrusions.,AI agent,medium
domain,helthfulcore.info,2026-09-03,c2,unknown,unknown,unknown,unknown,https://www.security.com/threat-intelligence/node-js-returns-ransomware,AI generated. Domain listed in the Symantec network indicators for the Node.js based intrusions.,AI agent,medium
domain,human-check.top,2026-09-03,c2,unknown,unknown,unknown,unknown,https://www.security.com/threat-intelligence/node-js-returns-ransomware,AI generated. Domain listed in the Symantec network indicators for the Node.js based intrusions.,AI agent,medium
domain,joincroud.info,2026-09-03,c2,unknown,unknown,unknown,unknown,https://www.security.com/threat-intelligence/node-js-returns-ransomware,AI generated. Domain listed in the Symantec network indicators for the Node.js based intrusions.,AI agent,medium
domain,jokesprite.info,2026-09-03,c2,unknown,unknown,unknown,unknown,https://www.security.com/threat-intelligence/node-js-returns-ransomware,AI generated. Domain listed in the Symantec network indicators for the Node.js based intrusions.,AI agent,medium
domain,justhandsoff.info,2026-09-03,c2,unknown,unknown,unknown,unknown,https://www.security.com/threat-intelligence/node-js-returns-ransomware,AI generated. Domain listed in the Symantec network indicators for the Node.js based intrusions.,AI agent,medium
domain,kedvs4wiykc.com,2026-09-03,c2,unknown,unknown,unknown,unknown,https://www.security.com/threat-intelligence/node-js-returns-ransomware,AI generated. Domain listed in the Symantec network indicators for the Node.js based intrusions.,AI agent,medium
domain,kiptownim.info,2026-09-03,c2,unknown,unknown,unknown,unknown,https://www.security.com/threat-intelligence/node-js-returns-ransomware,AI generated. Domain listed in the Symantec network indicators for the Node.js based intrusions.,AI agent,medium
domain,klassniylink124.com,2026-09-03,c2,unknown,unknown,unknown,unknown,https://www.security.com/threat-intelligence/node-js-returns-ransomware,AI generated. Domain listed in the Symantec network indicators for the Node.js based intrusions.,AI agent,medium
domain,legaar.com,2026-09-03,c2,unknown,unknown,unknown,unknown,https://www.security.com/threat-intelligence/node-js-returns-ransomware,AI generated. Domain listed in the Symantec network indicators for the Node.js based intrusions.,AI agent,medium
domain,mail.authorized-logins.net,2026-09-03,c2,unknown,unknown,unknown,unknown,https://www.security.com/threat-intelligence/node-js-returns-ransomware,AI generated. Domain listed in the Symantec network indicators for the Node.js based intrusions.,AI agent,medium
domain,mailes.upd-domain-goloro.com,2026-09-03,c2,unknown,unknown,unknown,unknown,https://www.security.com/threat-intelligence/node-js-returns-ransomware,AI generated. Domain listed in the Symantec network indicators for the Node.js based intrusions.,AI agent,medium
domain,mails.updater-worelos.com,2026-09-03,c2,unknown,unknown,unknown,unknown,https://www.security.com/threat-intelligence/node-js-returns-ransomware,AI generated. Domain listed in the Symantec network indicators for the Node.js based intrusions.,AI agent,medium
domain,ministrew.info,2026-09-03,c2,unknown,unknown,unknown,unknown,https://www.security.com/threat-intelligence/node-js-returns-ransomware,AI generated. Domain listed in the Symantec network indicators for the Node.js based intrusions.,AI agent,medium
domain,mueleer.com,2026-09-03,c2,unknown,unknown,unknown,unknown,https://www.security.com/threat-intelligence/node-js-returns-ransomware,AI generated. Domain listed in the Symantec network indicators for the Node.js based intrusions.,AI agent,medium
domain,nano.upscale-kolo.com,2026-09-03,c2,unknown,unknown,unknown,unknown,https://www.security.com/threat-intelligence/node-js-returns-ransomware,AI generated. Domain listed in the Symantec network indicators for the Node.js based intrusions.,AI agent,medium
domain,ninetyorigins.com,2026-09-03,c2,unknown,unknown,unknown,unknown,https://www.security.com/threat-intelligence/node-js-returns-ransomware,AI generated. Domain listed in the Symantec network indicators for the Node.js based intrusions.,AI agent,medium
domain,notstorageapis.com,2026-09-03,c2,unknown,unknown,unknown,unknown,https://www.security.com/threat-intelligence/node-js-returns-ransomware,AI generated. Domain listed in the Symantec network indicators for the Node.js based intrusions.,AI agent,medium
domain,oeannon.com,2026-09-03,c2,unknown,unknown,unknown,unknown,https://www.security.com/threat-intelligence/node-js-returns-ransomware,AI generated. Domain listed in the Symantec network indicators for the Node.js based intrusions.,AI agent,medium
domain,partner-conflrmpanel.com,2026-09-03,c2,unknown,unknown,unknown,unknown,https://www.security.com/threat-intelligence/node-js-returns-ransomware,AI generated. Domain listed in the Symantec network indicators for the Node.js based intrusions.,AI agent,medium
domain,period-checkavaldx.com,2026-09-03,c2,unknown,unknown,unknown,unknown,https://www.security.com/threat-intelligence/node-js-returns-ransomware,AI generated. Domain listed in the Symantec network indicators for the Node.js based intrusions.,AI agent,medium
domain,photbookguest.pro,2026-09-03,c2,unknown,unknown,unknown,unknown,https://www.security.com/threat-intelligence/node-js-returns-ransomware,AI generated. Domain listed in the Symantec network indicators for the Node.js based intrusions.,AI agent,medium
domain,php.authorized-logins.net,2026-09-03,c2,unknown,unknown,unknown,unknown,https://www.security.com/threat-intelligence/node-js-returns-ransomware,AI generated. Domain listed in the Symantec network indicators for the Node.js based intrusions.,AI agent,medium
domain,recepyman.info,2026-09-03,c2,unknown,unknown,unknown,unknown,https://www.security.com/threat-intelligence/node-js-returns-ransomware,AI generated. Domain listed in the Symantec network indicators for the Node.js based intrusions.,AI agent,medium
domain,rotoa-upda-lo.com,2026-09-03,c2,unknown,unknown,unknown,unknown,https://www.security.com/threat-intelligence/node-js-returns-ransomware,AI generated. Domain listed in the Symantec network indicators for the Node.js based intrusions.,AI agent,medium
domain,rs2y15sungu.com,2026-09-03,c2,unknown,unknown,unknown,unknown,https://www.security.com/threat-intelligence/node-js-returns-ransomware,AI generated. Domain listed in the Symantec network indicators for the Node.js based intrusions.,AI agent,medium
domain,safedocphoto.info,2026-09-03,c2,unknown,unknown,unknown,unknown,https://www.security.com/threat-intelligence/node-js-returns-ransomware,AI generated. Domain listed in the Symantec network indicators for the Node.js based intrusions.,AI agent,medium
domain,simsracing.net,2026-09-03,c2,unknown,unknown,unknown,unknown,https://www.security.com/threat-intelligence/node-js-returns-ransomware,AI generated. Domain listed in the Symantec network indicators for the Node.js based intrusions.,AI agent,medium
domain,sql-updater-service.com,2026-09-03,c2,unknown,unknown,unknown,unknown,https://www.security.com/threat-intelligence/node-js-returns-ransomware,AI generated. Domain listed in the Symantec network indicators for the Node.js based intrusions.,AI agent,medium
domain,sss.authorized-logins.net,2026-09-03,c2,unknown,unknown,unknown,unknown,https://www.security.com/threat-intelligence/node-js-returns-ransomware,AI generated. Domain listed in the Symantec network indicators for the Node.js based intrusions.,AI agent,medium
domain,thomphon.com,2026-09-03,c2,unknown,unknown,unknown,unknown,https://www.security.com/threat-intelligence/node-js-returns-ransomware,AI generated. Domain listed in the Symantec network indicators for the Node.js based intrusions.,AI agent,medium
domain,toogwido.sa.com,2026-09-03,c2,unknown,unknown,unknown,unknown,https://www.security.com/threat-intelligence/node-js-returns-ransomware,AI generated. Domain listed in the Symantec network indicators for the Node.js based intrusions.,AI agent,medium
domain,upd-domain-goloro.com,2026-09-03,c2,unknown,unknown,unknown,unknown,https://www.security.com/threat-intelligence/node-js-returns-ransomware,AI generated. Domain listed in the Symantec network indicators for the Node.js based intrusions.,AI agent,medium
domain,update.update-fall.com,2026-09-03,c2,unknown,unknown,unknown,unknown,https://www.security.com/threat-intelligence/node-js-returns-ransomware,AI generated. Domain listed in the Symantec network indicators for the Node.js based intrusions.,AI agent,medium
domain,updater-worelos.com,2026-09-03,c2,unknown,unknown,unknown,unknown,https://www.security.com/threat-intelligence/node-js-returns-ransomware,AI generated. Domain listed in the Symantec network indicators for the Node.js based intrusions.,AI agent,medium
domain,upscale-kolo.com,2026-09-03,c2,unknown,unknown,unknown,unknown,https://www.security.com/threat-intelligence/node-js-returns-ransomware,AI generated. Domain listed in the Symantec network indicators for the Node.js based intrusions.,AI agent,medium
domain,visa-safedocs.info,2026-09-03,c2,unknown,unknown,unknown,unknown,https://www.security.com/threat-intelligence/node-js-returns-ransomware,AI generated. Domain listed in the Symantec network indicators for the Node.js based intrusions.,AI agent,medium
domain,w3xasv14culvnqj.top,2026-09-03,c2,unknown,unknown,unknown,unknown,https://www.security.com/threat-intelligence/node-js-returns-ransomware,AI generated. Domain listed in the Symantec network indicators for the Node.js based intrusions.,AI agent,medium
url,http://199.231.70.175:443/update.aspx,2026-09-03,malware,unknown,unknown,unknown,unknown,https://www.security.com/threat-intelligence/node-js-returns-ransomware,AI generated. Payload staging URL listed in the Symantec network indicators for the Node.js based intrusions.,AI agent,medium
url,http://178.16.54.253/~extranet/Tmsyz.exe,2026-09-03,malware,unknown,unknown,unknown,unknown,https://www.security.com/threat-intelligence/node-js-returns-ransomware,AI generated. Payload staging URL listed in the Symantec network indicators for the Node.js based intrusions.,AI agent,medium
url,http://178.16.54.253/~extranet/phot7482.exe,2026-09-03,malware,unknown,unknown,unknown,unknown,https://www.security.com/threat-intelligence/node-js-returns-ransomware,AI generated. Payload staging URL listed in the Symantec network indicators for the Node.js based intrusions.,AI agent,medium
url,http://193.58.122.42/files/hvnc2.exe,2026-09-03,malware,unknown,unknown,unknown,unknown,https://www.security.com/threat-intelligence/node-js-returns-ransomware,AI generated. Payload staging URL listed in the Symantec network indicators for the Node.js based intrusions.,AI agent,medium
url,http://193.58.122.42/files/rat.exe,2026-09-03,malware,unknown,unknown,unknown,unknown,https://www.security.com/threat-intelligence/node-js-returns-ransomware,AI generated. Payload staging URL listed in the Symantec network indicators for the Node.js based intrusions.,AI agent,medium
url,http://193.58.122.42/files/rat1.exe,2026-09-03,malware,unknown,unknown,unknown,unknown,https://www.security.com/threat-intelligence/node-js-returns-ransomware,AI generated. Payload staging URL listed in the Symantec network indicators for the Node.js based intrusions.,AI agent,medium
url,http://193.58.122.42/files/stil.exe,2026-09-03,malware,unknown,unknown,unknown,unknown,https://www.security.com/threat-intelligence/node-js-returns-ransomware,AI generated. Payload staging URL listed in the Symantec network indicators for the Node.js based intrusions.,AI agent,medium
url,http://193.58.122.42/files/stil1.exe,2026-09-03,malware,unknown,unknown,unknown,unknown,https://www.security.com/threat-intelligence/node-js-returns-ransomware,AI generated. Payload staging URL listed in the Symantec network indicators for the Node.js based intrusions.,AI agent,medium
url,http://94.156.114.250/files/lasttry.exe,2026-09-03,malware,unknown,unknown,unknown,unknown,https://www.security.com/threat-intelligence/node-js-returns-ransomware,AI generated. Payload staging URL listed in the Symantec network indicators for the Node.js based intrusions.,AI agent,medium
url,http://thomphon.com/update.msi,2026-09-03,malware,unknown,unknown,unknown,unknown,https://www.security.com/threat-intelligence/node-js-returns-ransomware,AI generated. Payload staging URL listed in the Symantec network indicators for the Node.js based intrusions.,AI agent,medium
url,https://toogwido.sa.com/Ca.ps1,2026-09-03,malware,unknown,unknown,unknown,unknown,https://www.security.com/threat-intelligence/node-js-returns-ransomware,AI generated. Payload staging URL listed in the Symantec network indicators for the Node.js based intrusions.,AI agent,medium
url,https://www.xt24.com/install/update.ps1,2026-09-03,malware,unknown,unknown,unknown,unknown,https://www.security.com/threat-intelligence/node-js-returns-ransomware,AI generated. Payload staging URL listed in the Symantec network indicators for the Node.js based intrusions.,AI agent,medium
file_hash_md5,622b2ca08552535bc142cb815ff9ec16,2026-09-04,tool,GOLD SHERWOOD,cybercrime,The Gentlemen,ransomware,https://www.sophos.com/en-gb/blog/ungentlemanly-behavior-insights-into-a-ransomware-operation,AI generated. Hash of an EDR killer tool used in The Gentlemen ransomware compromises.,AI agent,medium
file_hash_sha1,f0bc50d2d2838c5294e21cd9bce2f09bf581e508,2026-09-04,tool,GOLD SHERWOOD,cybercrime,The Gentlemen,ransomware,https://www.sophos.com/en-gb/blog/ungentlemanly-behavior-insights-into-a-ransomware-operation,AI generated. Hash of an EDR killer tool used in The Gentlemen ransomware compromises.,AI agent,medium
file_hash_sha256,a348f5fa048a09188bd706fd3d4efca978990caf3355ecfee501c9f1e19c0efd,2026-09-04,tool,GOLD SHERWOOD,cybercrime,The Gentlemen,ransomware,https://www.sophos.com/en-gb/blog/ungentlemanly-behavior-insights-into-a-ransomware-operation,AI generated. Hash of an EDR killer tool used in The Gentlemen ransomware compromises.,AI agent,medium
file_hash_md5,4741a4976c6abfb3c80c170104518b6e,2026-09-04,tool,GOLD SHERWOOD,cybercrime,The Gentlemen,ransomware,https://www.sophos.com/en-gb/blog/ungentlemanly-behavior-insights-into-a-ransomware-operation,AI generated. Hash of an EDR killer tool used in The Gentlemen ransomware compromises.,AI agent,medium
file_hash_sha1,be8c52474ab79a52af31e3cb2f71638299a0de1d,2026-09-04,tool,GOLD SHERWOOD,cybercrime,The Gentlemen,ransomware,https://www.sophos.com/en-gb/blog/ungentlemanly-behavior-insights-into-a-ransomware-operation,AI generated. Hash of an EDR killer tool used in The Gentlemen ransomware compromises.,AI agent,medium
file_hash_sha256,ddba5b4e7a7ada77d56477e9d41c008f93e81d9a33ed09e77cb2af624fa694fe,2026-09-04,tool,GOLD SHERWOOD,cybercrime,The Gentlemen,ransomware,https://www.sophos.com/en-gb/blog/ungentlemanly-behavior-insights-into-a-ransomware-operation,AI generated. Hash of an EDR killer tool used in The Gentlemen ransomware compromises.,AI agent,medium
file_hash_md5,738df7ae0097f6bef93d65be5d4a2a26,2026-09-04,tool,GOLD SHERWOOD,cybercrime,The Gentlemen,ransomware,https://www.sophos.com/en-gb/blog/ungentlemanly-behavior-insights-into-a-ransomware-operation,AI generated. Hash of an EDR killer tool used in The Gentlemen ransomware compromises.,AI agent,medium
file_hash_sha1,c96baab9b7e7ef661921d44d7900f165c794ed25,2026-09-04,tool,GOLD SHERWOOD,cybercrime,The Gentlemen,ransomware,https://www.sophos.com/en-gb/blog/ungentlemanly-behavior-insights-into-a-ransomware-operation,AI generated. Hash of an EDR killer tool used in The Gentlemen ransomware compromises.,AI agent,medium
file_hash_sha256,1a9291ec869155336bf185d221d655d11c77a55ea0c8ecc0274202f74a90fcd1,2026-09-04,tool,GOLD SHERWOOD,cybercrime,The Gentlemen,ransomware,https://www.sophos.com/en-gb/blog/ungentlemanly-behavior-insights-into-a-ransomware-operation,AI generated. Hash of an EDR killer tool used in The Gentlemen ransomware compromises.,AI agent,medium
file_hash_md5,d8691ef15eea27cfefafeeb485286080,2026-09-04,tool,GOLD SHERWOOD,cybercrime,The Gentlemen,ransomware,https://www.sophos.com/en-gb/blog/ungentlemanly-behavior-insights-into-a-ransomware-operation,AI generated. Hash of an EDR killer tool used in The Gentlemen ransomware compromises.,AI agent,medium
file_hash_sha1,8bca55b3c9bfbdf68c9b6c72a7b1bf1dd6d5e3b2,2026-09-04,tool,GOLD SHERWOOD,cybercrime,The Gentlemen,ransomware,https://www.sophos.com/en-gb/blog/ungentlemanly-behavior-insights-into-a-ransomware-operation,AI generated. Hash of an EDR killer tool used in The Gentlemen ransomware compromises.,AI agent,medium
file_hash_sha256,3c71537b64487bbf4d1793f72c75d332650d09a77b71e4d884ff15c266a847f6,2026-09-04,tool,GOLD SHERWOOD,cybercrime,The Gentlemen,ransomware,https://www.sophos.com/en-gb/blog/ungentlemanly-behavior-insights-into-a-ransomware-operation,AI generated. Hash of an EDR killer tool used in The Gentlemen ransomware compromises.,AI agent,medium
file_hash_md5,b23b653541bd95bdc4da07a0b07b57bf,2026-09-04,tool,GOLD SHERWOOD,cybercrime,The Gentlemen,ransomware,https://www.sophos.com/en-gb/blog/ungentlemanly-behavior-insights-into-a-ransomware-operation,AI generated. Hash of an EDR killer tool used in The Gentlemen ransomware compromises.,AI agent,medium
file_hash_sha1,f0537cbb773ae12100b36731e7c39f5a9d852b14,2026-09-04,tool,GOLD SHERWOOD,cybercrime,The Gentlemen,ransomware,https://www.sophos.com/en-gb/blog/ungentlemanly-behavior-insights-into-a-ransomware-operation,AI generated. Hash of an EDR killer tool used in The Gentlemen ransomware compromises.,AI agent,medium
file_hash_sha256,50f2cdf16f05da9253fa2d6eb60d5a42da14c02c551c0874c9e953d4119da69c,2026-09-04,tool,GOLD SHERWOOD,cybercrime,The Gentlemen,ransomware,https://www.sophos.com/en-gb/blog/ungentlemanly-behavior-insights-into-a-ransomware-operation,AI generated. Hash of an EDR killer tool used in The Gentlemen ransomware compromises.,AI agent,medium
file_hash_sha256,bf7a2fb7f7256809dc690213b85f747cef8db7b909caf9783cac181912fb6207,2026-09-04,tool,GOLD SHERWOOD,cybercrime,The Gentlemen,ransomware,https://www.sophos.com/en-gb/blog/ungentlemanly-behavior-insights-into-a-ransomware-operation,AI generated. Hash of an EDR killer tool used in The Gentlemen ransomware compromises.,AI agent,medium
file_hash_sha256,761ce72420edf5e5531cdbad0e93397d7520cdead825886ca7f75cef76031720,2026-09-04,tool,GOLD SHERWOOD,cybercrime,The Gentlemen,ransomware,https://www.sophos.com/en-gb/blog/ungentlemanly-behavior-insights-into-a-ransomware-operation,AI generated. Hash of an EDR killer tool used in The Gentlemen ransomware compromises.,AI agent,medium
file_hash_md5,002417da707b93bf5ce3cb26d28005f6,2026-09-04,tool,GOLD SHERWOOD,cybercrime,The Gentlemen,ransomware,https://www.sophos.com/en-gb/blog/ungentlemanly-behavior-insights-into-a-ransomware-operation,AI generated. Hash of an EDR killer tool used in The Gentlemen ransomware compromises.,AI agent,medium
file_hash_sha1,8732c1ff565828a0bdef514b5dc0dfea40c1d1f2,2026-09-04,tool,GOLD SHERWOOD,cybercrime,The Gentlemen,ransomware,https://www.sophos.com/en-gb/blog/ungentlemanly-behavior-insights-into-a-ransomware-operation,AI generated. Hash of an EDR killer tool used in The Gentlemen ransomware compromises.,AI agent,medium
file_hash_sha256,81053c2c3be8b7dbf7d5087dba05c940b3ee4fd95524272651c816b72c5a9443,2026-09-04,tool,GOLD SHERWOOD,cybercrime,The Gentlemen,ransomware,https://www.sophos.com/en-gb/blog/ungentlemanly-behavior-insights-into-a-ransomware-operation,AI generated. Hash of an EDR killer tool used in The Gentlemen ransomware compromises.,AI agent,medium
file_hash_sha256,7a37acb031cddaa39ad20db0961baa5423ec53f318c49c9275c982507da76d6a,2026-09-04,tool,GOLD SHERWOOD,cybercrime,The Gentlemen,ransomware,https://www.sophos.com/en-gb/blog/ungentlemanly-behavior-insights-into-a-ransomware-operation,AI generated. Hash of an EDR killer tool used in The Gentlemen ransomware compromises.,AI agent,medium
file_hash_md5,bc4a8d7bbbeb941265dfc954539326c0,2026-09-04,tool,GOLD SHERWOOD,cybercrime,The Gentlemen,ransomware,https://www.sophos.com/en-gb/blog/ungentlemanly-behavior-insights-into-a-ransomware-operation,AI generated. Hash of an EDR killer tool used in The Gentlemen ransomware compromises.,AI agent,medium
file_hash_sha1,b7cea81e6de895d01d01d20bd6dcfd347940b57f,2026-09-04,tool,GOLD SHERWOOD,cybercrime,The Gentlemen,ransomware,https://www.sophos.com/en-gb/blog/ungentlemanly-behavior-insights-into-a-ransomware-operation,AI generated. Hash of an EDR killer tool used in The Gentlemen ransomware compromises.,AI agent,medium
file_hash_sha256,3a31ec3bf9b7eac6593a723145381f5d0f4ede076c4c8818d949a08f5596ff76,2026-09-04,tool,GOLD SHERWOOD,cybercrime,The Gentlemen,ransomware,https://www.sophos.com/en-gb/blog/ungentlemanly-behavior-insights-into-a-ransomware-operation,AI generated. Hash of an EDR killer tool used in The Gentlemen ransomware compromises.,AI agent,medium
file_hash_sha256,68031d549de399a44bb00614b910106baccef5996623b2f1102352a52a5bb444,2026-09-04,tool,GOLD SHERWOOD,cybercrime,The Gentlemen,ransomware,https://www.sophos.com/en-gb/blog/ungentlemanly-behavior-insights-into-a-ransomware-operation,AI generated. Hash of an EDR killer tool used in The Gentlemen ransomware compromises.,AI agent,medium
file_hash_sha1,058c3ff21e79770e4a60937c27b1ede227709248,2026-09-04,tool,GOLD SHERWOOD,cybercrime,The Gentlemen,ransomware,https://www.sophos.com/en-gb/blog/ungentlemanly-behavior-insights-into-a-ransomware-operation,AI generated. Hash of an EDR killer tool used in The Gentlemen ransomware compromises.,AI agent,medium
file_hash_sha1,9c0b05eb75f971cc25ee979e49b227b86b19e833,2026-09-04,tool,GOLD SHERWOOD,cybercrime,The Gentlemen,ransomware,https://www.sophos.com/en-gb/blog/ungentlemanly-behavior-insights-into-a-ransomware-operation,AI generated. Hash of an EDR killer tool used in The Gentlemen ransomware compromises.,AI agent,medium
file_hash_sha1,a438ba2122a814320f47a056f04122f81c2ae6c5,2026-09-04,tool,GOLD SHERWOOD,cybercrime,The Gentlemen,ransomware,https://www.sophos.com/en-gb/blog/ungentlemanly-behavior-insights-into-a-ransomware-operation,AI generated. Hash of an EDR killer tool used in The Gentlemen ransomware compromises.,AI agent,medium
file_hash_sha1,a8ba89e67297642dcc1ae77433ab84e1f27d1792,2026-09-04,tool,GOLD SHERWOOD,cybercrime,The Gentlemen,ransomware,https://www.sophos.com/en-gb/blog/ungentlemanly-behavior-insights-into-a-ransomware-operation,AI generated. Hash of an EDR killer tool used in The Gentlemen ransomware compromises.,AI agent,medium
file_hash_md5,8ea97d01cbf459b94d134d05c54cd33e,2026-09-04,abusefile,GOLD SHERWOOD,cybercrime,The Gentlemen,ransomware,https://www.sophos.com/en-gb/blog/ungentlemanly-behavior-insights-into-a-ransomware-operation,AI generated. Hash of a vulnerable driver abused through BYOVD in The Gentlemen ransomware compromises.,AI agent,medium
file_hash_sha1,5c9bf6b7e4c7dc9b9227ce86e2d271d624c35147,2026-09-04,abusefile,GOLD SHERWOOD,cybercrime,The Gentlemen,ransomware,https://www.sophos.com/en-gb/blog/ungentlemanly-behavior-insights-into-a-ransomware-operation,AI generated. Hash of a vulnerable driver abused through BYOVD in The Gentlemen ransomware compromises.,AI agent,medium
file_hash_sha256,0be8f415a485b11747bcfd71c9cd9781e090354728f076791ed6845b69ed78fb,2026-09-04,abusefile,GOLD SHERWOOD,cybercrime,The Gentlemen,ransomware,https://www.sophos.com/en-gb/blog/ungentlemanly-behavior-insights-into-a-ransomware-operation,AI generated. Hash of a vulnerable driver abused through BYOVD in The Gentlemen ransomware compromises.,AI agent,medium
file_hash_md5,07e9f0b8627a95960e79e930fb099e84,2026-09-04,abusefile,GOLD SHERWOOD,cybercrime,The Gentlemen,ransomware,https://www.sophos.com/en-gb/blog/ungentlemanly-behavior-insights-into-a-ransomware-operation,AI generated. Hash of a vulnerable driver abused through BYOVD in The Gentlemen ransomware compromises.,AI agent,medium
file_hash_sha1,56bee9df5833a637f5c54d5911df98b0812fe643,2026-09-04,abusefile,GOLD SHERWOOD,cybercrime,The Gentlemen,ransomware,https://www.sophos.com/en-gb/blog/ungentlemanly-behavior-insights-into-a-ransomware-operation,AI generated. Hash of a vulnerable driver abused through BYOVD in The Gentlemen ransomware compromises.,AI agent,medium
file_hash_sha256,2d91a78e739891c9854c254f5b2a6b84c0e167dfa253466cbccd2cdd1c20145d,2026-09-04,abusefile,GOLD SHERWOOD,cybercrime,The Gentlemen,ransomware,https://www.sophos.com/en-gb/blog/ungentlemanly-behavior-insights-into-a-ransomware-operation,AI generated. Hash of a vulnerable driver abused through BYOVD in The Gentlemen ransomware compromises.,AI agent,medium
file_hash_sha256,ccdde8091d63eaafbe30d9f0482afd245abc10ab16e21ae9254e51e42cb80ae8,2026-09-04,abusefile,GOLD SHERWOOD,cybercrime,The Gentlemen,ransomware,https://www.sophos.com/en-gb/blog/ungentlemanly-behavior-insights-into-a-ransomware-operation,AI generated. Hash of a vulnerable driver abused through BYOVD in The Gentlemen ransomware compromises.,AI agent,medium
